 Lead Javascript Developer ,5 ное.,  Remote,Infoleven,https://dev.bg/company/jobads/infoleven-lead-javascript-developer/,"[' Fullstack Development', ' JavaScript', ' Node.js', ' React']"
 PHP FULL-STACK DEVELOPER ,3 ное.,  Remote,Bulwork,https://dev.bg/company/jobads/bulwork-php-full-stack-developer/,"[' Fullstack Development', ' JavaScript', ' PHP']"
 Full Stack Software Developer ,3 ное.,  Remote,Chaos,https://dev.bg/company/jobads/chaos-group-full-stack-software-developer/,"[' Fullstack Development', ' Go', ' JavaScript', ' React']"
 BLOCKCHAIN INTELLIGENCE – Full stack senior developer ,2 ное., София ,Cognyte (formerly a Verint company),https://dev.bg/company/jobads/cognyte-blockchain-intelligence-full-stack-senior-developer/,"[' Fullstack Development', ' JavaScript', ' React']"
 BLOCKCHAIN INTELLIGENCE – Full stack team leader ,2 ное., София ,Cognyte (formerly a Verint company),https://dev.bg/company/jobads/cognyte-blockchain-intelligence-full-stack-team-leader/,"[' Fullstack Development', ' JavaScript']"
 WEB DEVELOPER ,2 ное.,  Remote,AXSMarine,https://dev.bg/company/jobads/axsmarine-web-developer-2/,"[' Fullstack Development', ' JavaScript', ' PHP']"
 Senior Full Stack Web Developer (PHP/Laravel) ,1 ное., София ,NEG.BG,https://dev.bg/company/jobads/neg-bg-senior-full-stack-web-developer/,"[' Fullstack Development', ' JavaScript', ' PHP']"
 Senior WordPress Developer ,1 ное., София ,SiteGround,https://dev.bg/company/jobads/siteground-senior-wordpress-developer-2/,"[' Fullstack Development', ' JavaScript', ' PHP']"
 Web Developer ,1 ное., София ,SiteGround,https://dev.bg/company/jobads/siteground-web-developer-3/,"[' Fullstack Development', ' JavaScript', ' PHP']"
" Full-Stack Developer (Node.js, Angular) ",25 окт., София ,Lab08,https://dev.bg/company/jobads/lab08-full-stack-developer-4/,"[' Angular', ' Fullstack Development', ' JavaScript', ' Node.js']"
 Senior Fullstack Developer (Node.js + Angular/React) ,25 окт., София ,AUG GLOBAL,https://dev.bg/company/jobads/aug-global-senior-fullstack-developer-node-js-angular-react/,"[' Angular', ' Fullstack Development', ' JavaScript', ' Node.js', ' React']"
 Java Full-Stack Developer ,19 окт.,  Remote,Accedia,https://dev.bg/company/jobads/accedia-java-full-stack-developer/,"[' Fullstack Development', ' Java', ' JavaScript']"
 Senior Full-Stack .NET Developer ,15 окт., София ,MentorMate,https://dev.bg/company/jobads/mentormate-senior-full-stack-net-developer/,"[' .NET', ' Fullstack Development', ' JavaScript']"
 Full Stack Web Developer ,13 окт.,  Remote,Modis Bulgaria,https://dev.bg/company/jobads/modis-bulgaria-full-stack-web-developer/,"[' Fullstack Development', ' JavaScript', ' Node.js', ' React']"
" Full Stack Developer with Java / Angular, Cloud Management ",12 окт., София ,VMware Bulgaria,https://dev.bg/company/jobads/vmware-bulgaria-full-stack-developer-with-java-angular-cloud-management/,"[' Angular', ' Fullstack Development', ' Java', ' JavaScript']"
 Full Stack Software Developer ,12 окт., София ,Infragistics,https://dev.bg/company/jobads/infragistics-full-stack-software-developer/,"[' .NET', ' Fullstack Development', ' JavaScript']"
 Senior Full Stack Engineer ,11 окт., София ,Insurify,https://dev.bg/company/jobads/insurify-full-stack-engineer/,"[' Fullstack Development', ' JavaScript', ' React']"
 JUNIOR FULL STACK .NET DEVELOPER ,5 ное., София ,Holland Hires,https://dev.bg/company/jobads/holland-hires-junior-full-stack-net-developer/,"[' .NET', ' Fullstack Development', ' Junior / Intern']"
 JUNIOR BACK-END SOFTWARE DEVELOPER ,5 ное., София ,Holland Hires,https://dev.bg/company/jobads/holland-hires-junior-back-end-software-developer/,"[' .NET', ' Fullstack Development', ' Junior / Intern']"
 Full-Stack .NET Developer ,5 ное., София ,UpSkill,https://dev.bg/company/jobads/upskill-full-stack-net-developer-3/,"[' .NET', ' Angular', ' Fullstack Development', ' JavaScript']"
 Senior Full-Stack Engineer ,5 ное., София ,TechPods,https://dev.bg/company/jobads/techpods-senior-javascript-engineer/,"[' Fullstack Development', ' JavaScript', ' Node.js', ' React']"
 Fullstack Developer ,5 ное.,  Remote,BICA Services,https://dev.bg/company/jobads/bica-services-fullstack-developer-3/,"[' Fullstack Development', ' JavaScript', ' PHP', ' React']"
 (Senior) Full Stack Developer (Java / JavaScript) ,5 ное., София ,Commerzbank Digital Technology Center,https://dev.bg/company/jobads/commerzbank-digital-technology-center-senior-full-stack-developer-java-javascript-2/,"[' Fullstack Development', ' Java', ' JavaScript']"
 Full Stack JavaScript Developer – GUI (Space/Satellite Systems) ,5 ное., София ,Endurosat,https://dev.bg/company/jobads/endurosat-full-stack-javascript-developer-gui/,"[' Fullstack Development', ' JavaScript']"
 Remote Senior Full-stack .NET Developer ,5 ное.,  Remote,MentorMate,https://dev.bg/company/jobads/mentormate-remote-senior-full-stack-net-developer/,"[' .NET', ' Fullstack Development', ' JavaScript']"
 Full Stack Software Engineer ,5 ное., София ,Grafixoft,https://dev.bg/company/jobads/grafixoft-full-stack-software-engineer/,"[' .NET', ' Fullstack Development', ' JavaScript']"
 Senior full stack .NET developer with Angular ,5 ное., София ,Endava,https://dev.bg/company/jobads/endava-senior-full-stack-net-with-angular/,"[' .NET', ' Angular', ' Fullstack Development', ' JavaScript']"
 Full Stack Developer (Java/ReactJS) ,5 ное., София ,Nemetschek Bulgaria,https://dev.bg/company/jobads/nemetschek-bulgaria-full-stack-developer-java-react/,"[' Fullstack Development', ' Java', ' JavaScript', ' React']"
 Full-Stack Developers with Django and React ,5 ное., Пловдив ,Speed – Software & Network Solutions,https://dev.bg/company/jobads/speed-software-network-solutions-full-stack-developers-with-django-and-react/,"[' Fullstack Development', ' JavaScript', ' Python', ' React']"
 Full-Stack Software Engineer (Angular + Java) ,5 ное., София ,BICA Services,https://dev.bg/company/jobads/bica-services-full-stack-software-engineer-angular-java/,"[' Angular', ' Fullstack Development', ' Java', ' JavaScript']"
 APPLICATION DEVELOPER ,5 ное.,  Remote,Xogito Group,https://dev.bg/company/jobads/xogito-group-application-developer/,"[' Fullstack Development', ' JavaScript', ' Ruby']"
 Senior .NET Full Stack Developer (.Net Core; ReactJS) ,5 ное.,  Remote,TSD Services,https://dev.bg/company/jobads/tsd-services-senior-net-full-stack-developer-net-core-reactjs-3/,"[' .NET', ' Fullstack Development']"
 Senior Full-Stack .NET Developer ,5 ное., Русе ,MentorMate,https://dev.bg/company/jobads/mentormate-senior-full-stack-net-developer-4/,"[' .NET', ' Fullstack Development', ' JavaScript']"
 Full-Stack Developer ,5 ное., София ,Top Skills Recruitment,https://dev.bg/company/jobads/full-stack-developer/,"[' .NET', ' Angular', ' Fullstack Development', ' JavaScript']"
 Full Stack Java Developer ,5 ное., София ,i:fao,https://dev.bg/company/jobads/ifao-full-stack-java-developer/,"[' Fullstack Development', ' Java', ' JavaScript']"
 Full Stack Software Engineer with JavaScript / Angular ,5 ное., София ,VMware Bulgaria,https://dev.bg/company/jobads/vmware-bulgaria-software-engineer-with-javascript-angular/,"[' Angular', ' Fullstack Development', ' JavaScript', ' Node.js']"
 APPLICATION ARCHITECT ,5 ное., София ,SoftServe,https://dev.bg/company/jobads/softserve-application-architect/,[' Fullstack Development']
 Senior Full-stack Developer ,5 ное., София ,QaiWare,https://dev.bg/company/jobads/qaiware-ltd-full-stack-developer-5/,"[' Fullstack Development', ' Java', ' JavaScript']"
 .NET Full Stack Developer (Mid/Senior Level) ,5 ное., Пловдив ,TSD Services,https://dev.bg/company/jobads/tsd-services-net-full-stack-developer-mid-level-2/,"[' .NET', ' Fullstack Development', ' JavaScript']"
 FULL STACK .NET DEVELOPER ,5 ное., София ,Holland Hires,https://dev.bg/company/jobads/full-stack-net-developer-2/,"[' .NET', ' Fullstack Development', ' JavaScript']"
 Full Stack Software Engineer with JavaScript / Angular ,5 ное.,  Remote,VMware Bulgaria,https://dev.bg/company/jobads/vmware-bulgaria-software-engineer-with-javascript-angular-2/,"[' Angular', ' Fullstack Development', ' JavaScript', ' Node.js']"
 Full Stack Developer with Java & Spring Boot ,5 ное., София ,VMware Bulgaria,https://dev.bg/company/jobads/vmware-bulgaria-full-stack-developer-with-java-spring-boot/,"[' Fullstack Development', ' Java', ' JavaScript']"
 FULL STACK RUBY DEVELOPER ,5 ное.,  Remote,Xogito Group,https://dev.bg/company/jobads/xogito-group-full-stack-ruby-developer/,"[' Fullstack Development', ' JavaScript', ' Ruby', ' Vue.js']"
 Full Stack Developer with Java & Spring Boot ,5 ное.,  Remote,VMware Bulgaria,https://dev.bg/company/jobads/vmware-bulgaria-full-stack-developer-with-java-spring-boot-2/,"[' Fullstack Development', ' Java', ' JavaScript']"
 Full Stack Tech Lead with PHP and Vue.js ,5 ное., София ,Proxiad Bulgaria,https://dev.bg/company/jobads/proxiad-full-stack-tech-lead-with-php-and-vue-js/,"[' Fullstack Development', ' JavaScript', ' PHP', ' Vue.js']"
 Full-Stack Developer ,4 ное., Пловдив ,ICB (InterConsult Bulgaria),https://dev.bg/company/jobads/icb-interconsult-bulgaria-full-stack-developer-3/,"[' .NET', ' Fullstack Development', ' JavaScript']"
 TypeScript Developer ,4 ное., София ,GfK,https://dev.bg/company/jobads/gfk-typescript-developer/,"[' Fullstack Development', ' JavaScript']"
 FULL STACK AI ENGINEER ,4 ное., София ,Schwarz IT Bulgaria,https://dev.bg/company/jobads/schwarz-it-bulgaria-full-stack-ai-engineer/,[' Fullstack Development']
 Full Stack Developer (Intern) ,4 ное., София ,Topvine Consulting,https://dev.bg/company/jobads/topvine-consulting-ltd-full-stack-developer-intern/,"[' Fullstack Development', ' JavaScript', ' Junior / Intern', ' PHP']"
 Full-Stack Developer ,4 ное.,  Remote,E-Motive,https://dev.bg/company/jobads/e-motive-full-stack-developer-3/,"[' Fullstack Development', ' JavaScript', ' Python', ' React']"
 Full-stack Javascript developer ,4 ное.,  Remote,Matrix Global Services– Eastern Europe,https://dev.bg/company/jobads/matrix-global-services-eastern-europe-full-stack-javascript-developer/,"[' Fullstack Development', ' JavaScript', ' Node.js']"
 (Full stack) Java Software Engineer (Retail/E-commerce) ,4 ное., София ,Bright Point,https://dev.bg/company/jobads/full-stack-java-software-engineer-retail-e-commerce/,"[' Fullstack Development', ' Java', ' JavaScript']"
 SENIOR SOLUTION ARCHITECT ,4 ное., София ,Horizons,https://dev.bg/company/jobads/horizons-senior-solution-architect/,"[' Fullstack Development', ' Java', ' JavaScript']"
 (Full stack) Java Software Engineer (Fintech) ,4 ное., София ,Bright Point,https://dev.bg/company/jobads/full-stack-java-software-engineer-fintech/,"[' Fullstack Development', ' Java']"
 Full Stack Developer Intern ,4 ное., София ,TelebidPro,https://dev.bg/company/jobads/telebidpro/,"[' Fullstack Development', ' JavaScript', ' Junior / Intern', ' Python']"
 Software Engineer – Angular & .NET ,4 ное., София ,Resolute Software,https://dev.bg/company/jobads/resolute-software2-resolute-software-software-engineer-angular-net/,"[' .NET', ' Angular', ' Fullstack Development', ' JavaScript']"
 Full-Stack Developer .NET + React (f/m/d) ,4 ное., София ,Hypoport Sofia,https://dev.bg/company/jobads/hypoport-sofia-eood-full-stack-developer-net-react-f-m-d/,"[' .NET', ' Fullstack Development', ' JavaScript', ' React']"
 Senior Software Developer React/ React Native & Ruby/ Node.js ,4 ное., Русе ,MentorMate,https://dev.bg/company/jobads/mentormate-senior-software-developer-react-react-native-ruby-node-js-4/,"[' Fullstack Development', ' JavaScript']"
 Software Developer ,4 ное., София ,Entain (GVC Holdings),https://dev.bg/company/jobads/entain-gvc-holdings-software-developer-2/,"[' .NET', ' Angular', ' Fullstack Development', ' JavaScript']"
 Senior Web Developer ,4 ное., Русе ,ForkPoint,https://dev.bg/company/jobads/forkpoint-senior-web-developer-2/,"[' Fullstack Development', ' JavaScript']"
 Senior Software Engineer ,4 ное., София ,DigitalRoute,https://dev.bg/company/jobads/digitalroute-senior-software-engineer/,"[' Fullstack Development', ' JavaScript']"
 Full Stack Developer (Derivative and Structured Products) ,4 ное., София ,Commerzbank Digital Technology Center,https://dev.bg/company/jobads/commerzbank-digital-technology-center-full-stack-developer-derivative-and-structured-products/,"[' Fullstack Development', ' Java', ' JavaScript']"
 Senior Full Stack Developer ,4 ное., София ,BICA Services,https://dev.bg/company/jobads/bica-services-senior-full-stack-developer/,"[' Fullstack Development', ' JavaScript', ' Node.js', ' React']"
 Full-stack developer ,4 ное., София ,hack,https://dev.bg/company/jobads/hack-full-stack-developer-4/,"[' Fullstack Development', ' JavaScript', ' Node.js']"
 Full Stack Java Developer ,4 ное., София ,NATEK,https://dev.bg/company/jobads/natek-full-stack-java-developer/,"[' Fullstack Development', ' Java', ' JavaScript']"
 Web Development Team Lead with German ,4 ное.,  Remote,Infoleven,https://dev.bg/company/jobads/infoleven-web-development-team-lead-with-german-2/,"[' Fullstack Development', ' JavaScript', ' Node.js']"
 Junior FullStack Java Developer for B2C Platform ,4 ное., София ,Proxiad Bulgaria,https://dev.bg/company/jobads/proxiad-fullstack-java-developer-with-french-for-b2c-platform/,"[' Fullstack Development', ' Java', ' JavaScript', ' Junior / Intern', ' React']"
 Software Development Engineer (Mid-Level) ,4 ное., София ,Hostway Bulgaria,https://dev.bg/company/jobads/hostway-bulgaria-software-development-engineer/,"[' .NET', ' Fullstack Development', ' JavaScript']"
 Senior WordPress Developer ,4 ное.,  Remote,SiteGround,https://dev.bg/company/jobads/siteground-senior-wordpress-developer/,"[' Fullstack Development', ' JavaScript', ' PHP']"
 Full Stack Software Enginee ,4 ное.,  Remote,Matrix Global Services– Eastern Europe,https://dev.bg/company/jobads/matrix-global-services-eastern-europe-full-stack-software-enginee/,"[' .NET', ' Fullstack Development', ' Java', ' JavaScript']"
 Full-Stack Developer ,3 ное., София ,Bosch.IO,https://dev.bg/company/jobads/bosch-io-full-stack-developer-3/,"[' Fullstack Development', ' Java', ' JavaScript']"
 Senior Full-Stack Developer – Аmbire ,3 ное.,  Remote,Smart Code,https://dev.bg/company/jobads/smart-code-senior-full-stack-developer-ambire/,"[' Fullstack Development', ' JavaScript', ' Node.js', ' React']"
 AWS FULL STACK DEVELOPER WITH .NET ,3 ное., София ,Amexis,https://dev.bg/company/jobads/amexis-aws-full-stack-developer-with-net/,"[' .NET', ' Fullstack Development', ' JavaScript']"
 Senior Full-stack Engineer ,3 ное., София ,Apex Human Capital,https://dev.bg/company/jobads/apex-human-capital-senior-full-stack-engineer/,"[' Fullstack Development', ' JavaScript']"
 FULL STACK PYTHON DEVELOPER ,3 ное.,  Remote,Xogito Group,https://dev.bg/company/jobads/full-stack-python-developer/,"[' Fullstack Development', ' JavaScript', ' Python', ' React']"
 Full-Stack Developer C# / .NET / Angular ,3 ное., София ,Resolve Systems,https://dev.bg/company/jobads/resolve-systems-full-stack-developer-6/,"[' .NET', ' Angular', ' Fullstack Development', ' JavaScript']"
 Full Stack Developer – Innovations Team ,3 ное., София ,OfficeRnD,https://dev.bg/company/jobads/officernd-full-stack-developer-innovations-team/,"[' Fullstack Development', ' JavaScript']"
 Software Engineer ,3 ное., София ,Bede Gaming,https://dev.bg/company/jobads/bede-gaming-software-engineer/,"[' .NET', ' Fullstack Development', ' JavaScript']"
 .NET Full Stack Developer (Mid/Senior Level) ,3 ное.,  Remote,TSD Services,https://dev.bg/company/jobads/tsd-services-net-full-stack-developer-mid-level-3/,"[' .NET', ' Fullstack Development', ' JavaScript']"
 Full Stack Developer ,3 ное., Варна ,Unicorn Systems,https://dev.bg/company/jobads/unicorn-systems-full-stack-developer-3/,"[' Fullstack Development', ' JavaScript', ' Node.js', ' React']"
 Full Stack Developer ,3 ное.,  Remote,Unicorn Systems,https://dev.bg/company/jobads/unicorn-systems-full-stack-developer-3-2/,"[' Fullstack Development', ' JavaScript', ' Node.js', ' React']"
 Full-Stack Java Web Developer with Spring Boot and React ,3 ное.,  Remote,Tumba Solutions,https://dev.bg/company/jobads/tumba-solutions-full-stack-java-web-developer-with-spring-boot-and-react/,"[' Fullstack Development', ' Java', ' JavaScript', ' React']"
 Junior Software Engineer (C#/JS) – Internal Systems ,3 ное., София ,Progress,https://dev.bg/company/jobads/progress-junior-full-stack-developer-c-js-sql-support-ops/,"[' .NET', ' Fullstack Development', ' JavaScript', ' Junior / Intern']"
 Full Stack Web Developer ( PHP + Javascript ) ,3 ное., Пловдив ,You Plus We,https://dev.bg/company/jobads/you-plus-we-full-stack-web-developer-php-javascript/,"[' Fullstack Development', ' JavaScript', ' PHP']"
 SENIOR BACK-END / FULL-STACK DEVELOPER ,3 ное.,  Remote,Bianor,https://dev.bg/company/jobads/senior-back-end-full-stack-developer-at-bianor/,"[' Fullstack Development', ' JavaScript', ' Node.js']"
 Java Software Engineer – Vision Systems ,3 ное., София ,Ocado Technology,https://dev.bg/company/jobads/ocado-technology-software-engineer-vision-systems/,"[' Fullstack Development', ' Java', ' JavaScript', ' React']"
 Senior Fullstack Web Developer (Acronis Cyber Files) ,3 ное., София ,Acronis,https://dev.bg/company/jobads/senior-fullstack-web-developer-acronis-cyber-files/,"[' Angular', ' Fullstack Development', ' JavaScript', ' Ruby']"
 Junior Software Engineer ,3 ное., София ,Gtmhub,https://dev.bg/company/jobads/gtmhub-junior-software-engineer/,"[' Fullstack Development', ' JavaScript', ' Junior / Intern']"
 Full Stack PHP Developer ,3 ное., Варна ,Nemetschek Bulgaria,https://dev.bg/company/jobads/nemetschek-bulgaria-laravel-websites-developer-2/,"[' Fullstack Development', ' JavaScript', ' PHP']"
 Full Stack PHP Developer ,3 ное., София ,Nemetschek Bulgaria,https://dev.bg/company/jobads/nemetschek-bulgaria-laravel-websites-developer/,"[' Fullstack Development', ' JavaScript', ' PHP']"
 Junior Full Stack .Net Software Engineer ,3 ное., София ,Cobuilder,https://dev.bg/company/jobads/cobuilder-junior-full-stack-net-software-engineer/,"[' .NET', ' Fullstack Development', ' JavaScript', ' Junior / Intern']"
 SENIOR FULL-STACK PHP DEVELOPER W/VUE.JS ,3 ное., София ,ITIDO,https://dev.bg/company/jobads/itido-senior-full-stack-php-developer-w-vue-js/,"[' Fullstack Development', ' JavaScript', ' PHP', ' Vue.js']"
 Junior Software Developer ,2 ное., София ,Raiffeisenbank,https://dev.bg/company/jobads/junior-software-developer/,"[' Fullstack Development', ' Java', ' JavaScript', ' Junior / Intern']"
 Full Stack Developer (React+Node.js) ,2 ное., София ,A1 Bulgaria,https://dev.bg/company/jobads/a1-bulgaria-full-stack-developer-react-node-js/,"[' Fullstack Development', ' JavaScript', ' Node.js', ' React']"
 Junior/Intermediate Web Developer with Angular ,2 ное., Варна ,Unbelievable Digital,https://dev.bg/company/jobads/unbelievable-digital-junior-intermediate-web-developer-with-angular/,"[' Angular', ' Fullstack Development', ' JavaScript', ' Junior / Intern']"
 Full Stack Engineer ,2 ное., Варна ,SEPA Cyber Technologies,https://dev.bg/company/jobads/sepa-cyber-technologies-full-stack-engineer/,"[' Fullstack Development', ' JavaScript', ' Node.js', ' React']"
 Software Developer – full stack – junior/middle ,2 ное., София ,Lukanet,https://dev.bg/company/jobads/lukanet-software-developer-full-stack-junior-middle/,"[' Fullstack Development', ' JavaScript', ' Junior / Intern', ' PHP']"
 Full-Stack web3/dApp ,2 ное., София ,Jarvis,https://dev.bg/company/jobads/jarvis-full-stack-web3-dapp-1/,"[' Fullstack Development', ' JavaScript', ' Node.js']"
 Senior Full-Stack Software Craftsperson ,2 ное., София ,ST6,https://dev.bg/company/jobads/st62-st6-senior-software-engineer/,"[' Fullstack Development', ' JavaScript', ' Node.js', ' React']"
 Lead Javascript Developer ,2 ное., София ,Infoleven,https://dev.bg/company/jobads/infoleven-lead-javascript-developer-2/,"[' Fullstack Development', ' JavaScript', ' Node.js', ' React']"
 WordPress Team Lead ,2 ное., София ,eDesign,https://dev.bg/company/jobads/edesign-wordpress-team-lead/,"[' Fullstack Development', ' JavaScript', ' PHP']"
 Senior Software Developer React/ React Native & Ruby/ Node.js ,2 ное., София ,MentorMate,https://dev.bg/company/jobads/mentormate-senior-software-developer-react-react-native-ruby-node-js/,"[' Fullstack Development', ' Node.js', ' React']"
" Senior JavaScript Developer (Remote, Ruse) ",2 ное.,  Remote,Accenture Bulgaria,https://dev.bg/company/jobads/accenture-bulgaria-senior-javascript-developer-remote-ruse/,"[' Fullstack Development', ' JavaScript', ' Node.js']"
 Regular Full-Stack Software Craftsperson ,2 ное., София ,ST6,https://dev.bg/company/jobads/st62-st6-regular-software-engineer/,"[' Fullstack Development', ' Node.js', ' React']"
 Senior Fullstack Developer ,2 ное.,  Remote,Xoomworks,https://dev.bg/company/jobads/xoomworks-senior-fullstack-developer/,"[' .NET', ' Angular', ' Fullstack Development', ' JavaScript']"
 WordPress (full-stack) Developer ,2 ное., София ,eDesign,https://dev.bg/company/jobads/edesign-wordpress-full-stack-developer/,"[' Fullstack Development', ' PHP']"
 Full Stack Developer (C#/JavaScript) ,2 ное., Варна ,Nemetschek Bulgaria,https://dev.bg/company/jobads/nemetschek-bulgaria-full-stack-developer-c-javascript/,"[' .NET', ' Fullstack Development', ' JavaScript']"
 Full Stack Developer (C#/JavaScript) ,2 ное., София ,Nemetschek Bulgaria,https://dev.bg/company/jobads/nemetschek-bulgaria-full-stack-developer-c-javascript-2/,"[' .NET', ' Fullstack Development', ' JavaScript']"
" Senior JavaScript Developer (Remote, Varna) ",2 ное.,  Remote,Accenture Bulgaria,https://dev.bg/company/jobads/accenture-bulgaria-senior-javascript-developer-remote-varna/,"[' Fullstack Development', ' JavaScript', ' Node.js']"
 Senior Java Full Stack Developer ,2 ное., София ,Proxiad Bulgaria,https://dev.bg/company/jobads/proxiad-senior-java-full-stack-developer/,"[' Fullstack Development', ' Java', ' JavaScript']"
 Azure Web Developer ,2 ное., София ,BULPROS,https://dev.bg/company/jobads/bulpros-azure-web-developer/,"[' .NET', ' Fullstack Development', ' JavaScript']"
 Junior Full Stack Developer ,2 ное., София ,TelebidPro,https://dev.bg/company/jobads/telebidpro-junior-developer/,"[' Fullstack Development', ' JavaScript', ' Junior / Intern', ' Python']"
 Drupal Developer ,2 ное., София ,Infoleven,https://dev.bg/company/jobads/infoleven-drupal-developer-2/,"[' Fullstack Development', ' JavaScript', ' PHP']"
" Senior Java Software Engineer: Full-Stack (E-commerce, Cloud) ",2 ное., София ,ScaleFocus,https://dev.bg/company/jobads/scalefocus-senior-java-software-engineer-full-stack-e-commerce-cloud/,"[' Fullstack Development', ' Java']"
" Senior Java Software Engineer: Full-Stack (E-commerce, Cloud) ",2 ное., Пловдив ,ScaleFocus,https://dev.bg/company/jobads/scalefocus-senior-java-software-engineer-full-stack-e-commerce-cloud-2/,"[' Fullstack Development', ' Java', ' JavaScript', ' React']"
" Senior Java Software Engineer: Full-Stack (E-commerce, Cloud) ",2 ное., Варна ,ScaleFocus,https://dev.bg/company/jobads/scalefocus-senior-java-software-engineer-full-stack-e-commerce-cloud-3/,"[' Fullstack Development', ' Java']"
" Senior Java Software Engineer: Full-Stack (E-commerce, Cloud) ",2 ное., Бургас ,ScaleFocus,https://dev.bg/company/jobads/scalefocus-senior-java-software-engineer-full-stack-e-commerce-cloud-4/,"[' Fullstack Development', ' Java']"
 Full stack Software Engineer – ISF ,2 ное., София ,Ocado Technology,https://dev.bg/company/jobads/ocado-technology-full-stack-software-engineer-store-pick/,"[' Fullstack Development', ' Java', ' JavaScript', ' React']"
 .NET Full Stack Developer (Mid/Senior Level) ,2 ное., София ,TSD Services,https://dev.bg/company/jobads/tsd-services-net-full-stack-developer-mid-level/,"[' .NET', ' Fullstack Development', ' JavaScript']"
 Drupal Developer ,2 ное.,  Remote,Infoleven,https://dev.bg/company/jobads/infoleven-drupal-developer-2-2/,"[' Fullstack Development', ' JavaScript', ' PHP']"
 SENIOR FULL STACK SOFTWARE ENGINEER (JAVA+REACT) ,2 ное., София ,SoftServe,https://dev.bg/company/jobads/softserve-senior-full-stack-software-engineer-java-react/,"[' Fullstack Development', ' Java', ' JavaScript', ' React']"
 Java Full Stack Developer ,2 ное., София ,Manpower,https://dev.bg/company/jobads/manpower-java-full-stack-developer/,"[' Fullstack Development', ' Java', ' JavaScript']"
 Blockchain Developer ,1 ное., София ,BICA Services,https://dev.bg/company/jobads/bica-services-blockchain-developer/,"[' Fullstack Development', ' JavaScript']"
 Senior FullStack .NET with Angular developer ,1 ное., София ,Proxiad Bulgaria,https://dev.bg/company/jobads/proxiad-senior-fullstack-net-with-angular-developer/,"[' .NET', ' Angular', ' Fullstack Development', ' JavaScript']"
 Senior Java Full Stack Developer ,1 ное., Пловдив ,Proxiad Bulgaria,https://dev.bg/company/jobads/proxiad-senior-java-full-stack-developer-1/,"[' Fullstack Development', ' Java', ' JavaScript', ' React']"
 Full-Stack web3/dApp ,1 ное.,  Remote,Jarvis,https://dev.bg/company/jobads/jarvis-full-stack-web3-dapp/,"[' Fullstack Development', ' JavaScript', ' Node.js']"
 Full Stack Software Engineer – Hive Manager ,1 ное., София ,Ocado Technology,https://dev.bg/company/jobads/ocado-technology-full-stack-software-engineer-hive-manager/,"[' Fullstack Development', ' Java', ' JavaScript']"
 Full Stack Engineer ,1 ное.,  Remote,SEPA Cyber Technologies,https://dev.bg/company/jobads/sepa-cyber-technologies-full-stack-engineer-1/,"[' Fullstack Development', ' JavaScript', ' Node.js', ' React']"
 FULLSTACK DEVELOPER ,1 ное.,  Remote,Motion Software,https://dev.bg/company/jobads/motion-software-fullstack-developer/,"[' Angular', ' Fullstack Development', ' JavaScript']"
 Senior Java FullStack Developer ,1 ное., София ,AppGreat,https://dev.bg/company/jobads/appgreat-senior-java-fullstack-developer/,"[' Fullstack Development', ' Java', ' JavaScript']"
 Java FullStack Developer ,1 ное., София ,AppGreat,https://dev.bg/company/jobads/appgreat-mid-java-fullstack-developer/,"[' Fullstack Development', ' Java', ' JavaScript']"
 Senior Full-Stack .NET developer ,1 ное., София ,Develop Soft,https://dev.bg/company/jobads/develop-soft-senior-full-stack-net-developer/,"[' .NET', ' Fullstack Development', ' JavaScript']"
" Senior Software Engineer, Full Stack/Web, Supply ",1 ное., София ,Hopper,https://dev.bg/company/jobads/hopper-senior-software-engineer-full-stack-web-supply/,"[' Fullstack Development', ' JavaScript', ' React']"
 Full-stack .NET Developer ,1 ное., София ,Object Systems International,https://dev.bg/company/jobads/object-systems-international-full-stack-net-developer-4/,"[' .NET', ' Angular', ' Fullstack Development', ' JavaScript']"
 Full-stack .Net Developer ,1 ное., София ,bet365,https://dev.bg/company/jobads/bet365-full-stack-net-developer-2/,"[' .NET', ' Fullstack Development', ' JavaScript']"
 Senior Full-Stack Engineer (with Frontend focus) ,1 ное., София ,Clippings,https://dev.bg/company/jobads/clippings-senior-full-stack-engineer-with-frontend-focus/,"[' Fullstack Development', ' JavaScript']"
 .NET/C++ Full Stack Developer ,1 ное.,  Remote,TELUS International Europe,https://dev.bg/company/jobads/telus-international-europe-net-c-full-stack-developer/,"[' .NET', ' Fullstack Development', ' JavaScript']"
 .NET Full-Stack Developer ,1 ное.,  Remote,Accedia,https://dev.bg/company/jobads/accedia-net-full-stack-developer/,"[' .NET', ' Fullstack Development', ' JavaScript']"
 Senior .NET Full-Stack Developer ,1 ное.,  Remote,Accedia,https://dev.bg/company/jobads/accedia-senior-net-full-stack-developer/,"[' .NET', ' Fullstack Development', ' JavaScript']"
" Full Stack Developer with Mongo, Express, Angular.js, React.js, Node.js ",1 ное.,  Remote,TELUS International Europe,https://dev.bg/company/jobads/telus-international-europe-full-stack-developer-with-mongo-express-angular-js-react-js-node-js/,"[' Fullstack Development', ' JavaScript', ' Node.js']"
 Senior .NET Full Stack Developer (.Net Core; ReactJS) ,1 ное., Пловдив ,TSD Services,https://dev.bg/company/jobads/tsd-services-senior-net-full-stack-developer-net-core-reactjs-2/,"[' .NET', ' Fullstack Development']"
 Application Integration Developer ,1 ное., София ,IBS Bulgaria,https://dev.bg/company/jobads/ibs-bulgaria-application-integration-developer/,[' Fullstack Development']
 Web Developer/ NodeJS ,1 ное., София ,Digital and Software Solutions,https://dev.bg/company/jobads/digital-and-software-solutions-web-developer-nodejs/,"[' Fullstack Development', ' JavaScript', ' Node.js']"
 Senior Full-stack Angular Developer ,1 ное., София ,Digital and Software Solutions,https://dev.bg/company/jobads/digital-and-software-solutions-senior-full-stack-angular-developer/,"[' Angular', ' Fullstack Development', ' JavaScript']"
 JavaScript Developer ,1 ное., София ,Top Skills Recruitment,https://dev.bg/company/jobads/javascript-developer-2/,"[' Fullstack Development', ' JavaScript']"
 Fullstack Developer: PHP/React (m/f/d) ,1 ное., Пловдив ,TIMIFY,https://dev.bg/company/jobads/timify-fullstack-developer-php-react-m-f-d/,"[' Fullstack Development', ' JavaScript', ' PHP', ' React']"
 Full-Stack PHP Developer ,1 ное., София ,Ingentics,https://dev.bg/company/jobads/ingentics-full-stack-php-developer-2/,"[' Fullstack Development', ' JavaScript', ' PHP']"
 Middle Web Developer ,1 ное., София ,Credissimo,https://dev.bg/company/jobads/credissimo-middle-web-developer/,"[' Fullstack Development', ' JavaScript', ' PHP']"
 Senior Web Developer ,1 ное., София ,Credissimo,https://dev.bg/company/jobads/credissimo-senior-web-developer-2/,"[' Fullstack Development', ' JavaScript', ' PHP']"
 Software Engineer ,1 ное., София ,Uber (Engineering),https://dev.bg/company/jobads/uber-software-engineer/,"[' Fullstack Development', ' JavaScript']"
 Full Stack Web Developer ( Laravel + jQuery ) ,1 ное., Пловдив ,You Plus We,https://dev.bg/company/jobads/you-plus-we-full-stack-web-developer-laravel-jquery/,"[' Fullstack Development', ' JavaScript', ' PHP']"
 Software engineer ,1 ное.,  Remote,Candor,https://dev.bg/company/jobads/candor-software-engineer/,"[' Fullstack Development', ' JavaScript', ' Node.js']"
 JavaScript Backend Developer ,1 ное.,  Remote,,https://dev.bg/company/jobads/backend-developer-node-js/,"[' Fullstack Development', ' JavaScript', ' Node.js']"
 Senior Software Engineer (full-stack) ,1 ное., София ,Financial Times,https://dev.bg/company/jobads/financial-times-senior-i-software-engineer/,"[' Fullstack Development', ' Node.js']"
 Full Stack Developer (JavaScript/React.js/PHP) ,29 окт., София ,Droxic,https://dev.bg/company/jobads/droxic-full-stack-developer-javascript-react-js-php/,"[' Fullstack Development', ' JavaScript', ' PHP', ' React']"
 Senior Full Stack Developer ,29 окт.,  Remote,Matrix Global Services– Eastern Europe,https://dev.bg/company/jobads/matrix-global-services-eastern-europe-senior-full-stack-developer-2/,"[' .NET', ' Fullstack Development', ' JavaScript', ' React']"
 Eng Software Engineering ,29 окт., София ,Global Foundries,https://dev.bg/company/jobads/global-foundries-eng-software-engineering/,"[' Fullstack Development', ' Java', ' JavaScript']"
 Senior Software Engineer – WebDM ,29 окт., София ,Global Foundries,https://dev.bg/company/jobads/global-foundries-senior-software-engineer-webdm/,"[' Fullstack Development', ' Java', ' JavaScript']"
 Sr Engineer Tapeout Engineering ,29 окт., София ,Global Foundries,https://dev.bg/company/jobads/global-foundries-sr-engineer-tapeout-engineering/,"[' Fullstack Development', ' Java', ' JavaScript', ' Python']"
 Full-stack Developer ,29 окт.,  Remote,Infoleven,https://dev.bg/company/jobads/infoleven-full-stack-developer-6-2/,"[' Fullstack Development', ' JavaScript']"
 FULL STACK DEVELOPER WITH JAVA ,29 окт., София ,Horizons,https://dev.bg/company/jobads/full-stack-developer-with-java-2/,"[' Fullstack Development', ' Java']"
 Angular/Node.JS Engineer ,29 окт., София ,NATEK,https://dev.bg/company/jobads/natek-angular-node-js-engineer/,"[' Angular', ' Fullstack Development', ' JavaScript', ' Node.js']"
 Full Stack Developer ,29 окт., София ,Propy,https://dev.bg/company/jobads/propy-full-stack-developer-8/,"[' .NET', ' Angular', ' Fullstack Development', ' JavaScript']"
 Senior Software Developer React/ React Native & Ruby/ Node.js ,29 окт., Пловдив ,MentorMate,https://dev.bg/company/jobads/mentormate-senior-software-developer-react-react-native-ruby-node-js-2/,"[' Fullstack Development', ' JavaScript', ' React', ' Ruby']"
 Senior Full Stack JavaScript Engineer ,29 окт., София ,Questers,https://dev.bg/company/jobads/questers-full-stack-javascript-engineer-2/,"[' Fullstack Development', ' JavaScript', ' React']"
 SITECORE DEVELOPER ,29 окт.,  Remote,Flat Rock Technology,https://dev.bg/company/jobads/flat-rock-technology-sitecore-developer-2/,"[' Fullstack Development', ' JavaScript']"
 Business Solutions Architect ,29 окт., София ,Software Group,https://dev.bg/company/jobads/software-group-presales-solutions-architect/,"[' Fullstack Development', ' JavaScript', ' Node.js', ' React']"
 JavaScript Developer ,29 окт., София ,ForkPoint,https://dev.bg/company/jobads/forkpoint-javascript-developer-11/,"[' Fullstack Development', ' JavaScript']"
 Full Stack Developer with React and Node.js ,29 окт., София ,Astea Solutions,https://dev.bg/company/jobads/astea-solutions-full-stack-developer-with-react-and-node-js/,"[' Fullstack Development', ' Node.js', ' React']"
 Software Development Team Lead ,29 окт.,  Remote,Dext,https://dev.bg/company/jobads/dext-software-development-team-lead/,"[' Fullstack Development', ' JavaScript', ' React', ' Ruby']"
 Senior Full-Stack .NET Developer ,29 окт., Пловдив ,MentorMate,https://dev.bg/company/jobads/mentormate-senior-full-stack-net-developer-2/,"[' .NET', ' Fullstack Development', ' JavaScript']"
 Web Development Team Lead with German ,29 окт., София ,Infoleven,https://dev.bg/company/jobads/infoleven-web-development-team-lead-with-german/,"[' Fullstack Development', ' JavaScript', ' Node.js']"
 Fullstack Developer ,29 окт., София ,App Streams,https://dev.bg/company/jobads/app-streams-fullstack-developer-2/,"[' Fullstack Development', ' JavaScript', ' Node.js', ' React']"
 Full Stack Developer Trainee ,29 окт., София ,Catenate Bulgaria,https://dev.bg/company/jobads/catenate-bulgaria-full-stack-developer-trainee/,"[' Fullstack Development', ' Java', ' JavaScript', ' Junior / Intern']"
 Software Developer ,29 окт.,  Remote,Dext,https://dev.bg/company/jobads/dext-software-developer/,"[' Fullstack Development', ' JavaScript', ' React', ' Ruby']"
 JavaScript Developer ,29 окт., София ,BICA Services,https://dev.bg/company/jobads/bica-services-javascript-developer-4/,"[' Fullstack Development', ' JavaScript', ' Node.js', ' React']"
 Full Stack .Net Developer ,29 окт., София ,Top Skills Recruitment,https://dev.bg/company/jobads/full-stack-net-developer/,"[' .NET', ' Fullstack Development', ' JavaScript']"
 Senior Full Stack .Net Software Engineer ,29 окт., София ,Cobuilder,https://dev.bg/company/jobads/cobuilder2-cobuilder-senior-full-stack-net-software-engineer/,"[' .NET', ' Fullstack Development']"
 Senior Full-Stack .NET Developer ,29 окт., Варна ,MentorMate,https://dev.bg/company/jobads/mentormate-senior-full-stack-net-developer-3/,"[' .NET', ' Fullstack Development', ' JavaScript']"
 Full-stack software developer with Laravel and React ,29 окт., София ,AMPECO,https://dev.bg/company/jobads/ampeco-full-stack-software-developer-with-laravel-and-react/,"[' Fullstack Development', ' JavaScript', ' PHP', ' React']"
 Full Stack Developer (Python/React) ,29 окт., Варна ,Nemetschek Bulgaria,https://dev.bg/company/jobads/nemetschek-bulgaria-full-stack-developer-python-react-2/,"[' Fullstack Development', ' JavaScript', ' Python']"
 Full Stack Developer (Java/ReactJS) ,29 окт., Варна ,Nemetschek Bulgaria,https://dev.bg/company/jobads/nemetschek-bulgaria-full-stack-developer-java-reactjs/,"[' Fullstack Development', ' Java', ' JavaScript', ' React']"
 Full Stack Developer with PHP ,29 окт., София ,ONLIME,https://dev.bg/company/jobads/onlime-full-stack-developer-with-php/,"[' Fullstack Development', ' PHP']"
 Java Full Stack Developer ,29 окт., София ,Proxiad Bulgaria,https://dev.bg/company/jobads/proxiad-java-full-stack-developer/,"[' Fullstack Development', ' Java', ' JavaScript']"
 WordPress/PHP developer ,29 окт., София ,SymbiOpen,https://dev.bg/company/jobads/symbiopen-wordpress-php-developer/,"[' Fullstack Development', ' JavaScript', ' PHP']"
 Senior Full-stack PHP Developer ,29 окт., София ,Adecco Bulgaria,https://dev.bg/company/jobads/senior-full-stack-php-developer/,"[' Fullstack Development', ' PHP']"
 Full-Stack Engineer – FT Specialist ,29 окт., София ,Financial Times,https://dev.bg/company/jobads/financial-times-full-stack-engineer-ft-specialist/,"[' Fullstack Development', ' JavaScript', ' Node.js']"
 Full-stack Software Developer ,29 окт., София ,foryouandyourcustomers,https://dev.bg/company/jobads/foryouandyourcustomers-full-stack-software-developer/,"[' Fullstack Development', ' JavaScript', ' Node.js']"
 Full Stack .Net Software Engineer ,29 окт., София ,Cobuilder,https://dev.bg/company/jobads/cobuilder-full-stack-net-software-engineer/,"[' .NET', ' Fullstack Development']"
 Senior Drupal Engineer ,29 окт., София ,Neli Petkova / Talent Garden Coaching,https://dev.bg/company/jobads/neli-petkova-talent-garden-coaching-senior-drupal-engineer/,"[' Fullstack Development', ' JavaScript', ' PHP']"
 Part-Time Full-Stack Developer ,29 окт., София ,Launchee Space,https://dev.bg/company/jobads/launchee-space/,"[' Fullstack Development', ' JavaScript', ' Node.js']"
 (Regular or Senior) Full Stack Developer ,29 окт., София ,SAP,https://dev.bg/company/jobads/sap-regular-or-senior-full-stack-developer/,"[' Fullstack Development', ' JavaScript', ' Python']"
 Senior Magento Developer ,29 окт., София ,Stanga1,https://dev.bg/company/jobads/stanga1-senior-magento-developer/,"[' Fullstack Development', ' JavaScript', ' PHP']"
 Full-Stack .NET Developer ,29 окт., София ,MentorMate,https://dev.bg/company/jobads/mentormate-full-stack-net-developer-5/,"[' .NET', ' Fullstack Development', ' JavaScript']"
 Full-Stack .NET Developer ,29 окт., Варна ,MentorMate,https://dev.bg/company/jobads/mentormate-full-stack-net-developer-5-1/,"[' .NET', ' Fullstack Development', ' JavaScript']"
 Full-Stack .NET Developer ,29 окт., Русе ,MentorMate,https://dev.bg/company/jobads/mentormate-full-stack-net-developer-5-1-1/,"[' .NET', ' Fullstack Development', ' JavaScript']"
 Full-Stack .NET Developer ,29 окт., Пловдив ,MentorMate,https://dev.bg/company/jobads/mentormate-full-stack-net-developer-5-1-1-1/,"[' .NET', ' Fullstack Development', ' JavaScript']"
 Full-Stack .NET Developer ,29 окт.,  Remote,MentorMate,https://dev.bg/company/jobads/mentormate-full-stack-net-developer-5-1-1-1-1/,"[' .NET', ' Fullstack Development', ' JavaScript']"
 WordPress Developer ,29 окт., София ,DevriX,https://dev.bg/company/jobads/devrix-wordpress-developer/,"[' Fullstack Development', ' PHP']"
 Full-Stack Engineer ,29 окт., София ,Appolica,https://dev.bg/company/jobads/appolica-full-stack-engineer/,"[' Fullstack Development', ' JavaScript', ' Node.js']"
 MICROSOFT DYNAMICS DEVELOPER ,28 окт., София ,Schwarz IT Bulgaria,https://dev.bg/company/jobads/schwarz-it-bulgaria-microsoft-dynamics-developer/,"[' .NET', ' Fullstack Development', ' JavaScript']"
 WordPress Developer ,28 окт.,  Remote,Wit,https://dev.bg/company/jobads/wit-wordpress-developer/,"[' Fullstack Development', ' JavaScript', ' PHP']"
" Full Stack Engineer, Machine Learning ",28 окт., София ,Hyperscience,https://dev.bg/company/jobads/hyperscience-full-stack-engineer-machine-learning/,"[' Data Science', ' Fullstack Development', ' JavaScript', ' ML/AI/Data modelling', ' Python', ' React']"
 Full Stack Developer ,28 окт.,  Remote,B.A.B.Consult,https://dev.bg/company/jobads/b-a-b-consult-full-stack-developer-4/,"[' Fullstack Development', ' JavaScript']"
 Full stack Developer – Java and Angular (remote work possible) ,28 окт., София ,NATEK,https://dev.bg/company/jobads/natek-full-stack-developer-java-and-angular-remote-work-possible/,"[' Angular', ' Fullstack Development', ' Java', ' JavaScript']"
 Full Stack Java Developer ,28 окт., София ,BULPROS,https://dev.bg/company/jobads/bulpros-full-stack-java-developer-3/,"[' Fullstack Development', ' Java', ' JavaScript']"
 FullStack Node.js Developer m/f/d ,28 окт.,  Remote,Catenate Bulgaria,https://dev.bg/company/jobads/catenate-bulgaria-node-js-fullstack-developer-m-f-d/,"[' Fullstack Development', ' JavaScript', ' Node.js']"
 Senior JavaScript Developer (Full-Stack) ,28 окт., София ,KPMG IT Service,https://dev.bg/company/jobads/kpmg-it-service-senior-javascript-developer-full-stack/,"[' Fullstack Development', ' JavaScript', ' Node.js']"
 Full Stack Developer ,28 окт., София ,"SMSBump, a Yotpo company",https://dev.bg/company/jobads/smsbump-a-yotpo-company-full-stack-developer-9/,"[' Fullstack Development', ' JavaScript', ' PHP', ' React']"
 SharePoint Developer ,28 окт., София ,Proexes,https://dev.bg/company/jobads/proexes-sharepoint-developer-2/,"[' .NET', ' Fullstack Development', ' JavaScript']"
 Full stack C#/.NET developer ,28 окт., София ,Proexes,https://dev.bg/company/jobads/proexes-full-stack-c-net-developer/,"[' .NET', ' Fullstack Development']"
 Full Stack Developer (Java/JavaScript) ,28 окт., Варна ,Nemetschek Bulgaria,https://dev.bg/company/jobads/nemetschek-bulgaria-full-stack-developer-java-javascript-2/,"[' Fullstack Development', ' Java', ' JavaScript']"
 Senior Angular/Node.js Developer ,28 окт., София ,BULPROS,https://dev.bg/company/jobads/bulpros-angular-node-js-developer/,"[' Angular', ' Fullstack Development', ' JavaScript', ' Node.js']"
 Software Engineer – Full stack ,28 окт.,  Remote,Entercoms,https://dev.bg/company/jobads/entercoms-software-engineer-full-stack/,"[' Fullstack Development', ' JavaScript', ' Python']"
" Full Stack Developer with Java / Angular, Cloud Management ",28 окт.,  Remote,VMware Bulgaria,https://dev.bg/company/jobads/vmware-bulgaria-full-stack-developer-with-java-angular-cloud-management-2/,"[' Angular', ' Fullstack Development', ' Java', ' JavaScript']"
" Junior Full Stack Developer, Cloud Management ",28 окт., София ,VMware Bulgaria,https://dev.bg/company/jobads/vmware-bulgaria-junior-full-stack-developer-cloud-management/,"[' Angular', ' Fullstack Development', ' Java', ' JavaScript', ' Junior / Intern']"
" Junior Full Stack Developer, Cloud Management ",28 окт.,  Remote,VMware Bulgaria,https://dev.bg/company/jobads/vmware-bulgaria-junior-full-stack-developer-cloud-management-2/,"[' Angular', ' Fullstack Development', ' Java', ' JavaScript', ' Junior / Intern']"
 Full Stack Developer ,28 окт., София ,Alcatraz AI,https://dev.bg/company/jobads/alcatraz-ai-full-stack-developer-5/,"[' Fullstack Development', ' JavaScript', ' Node.js', ' React']"
 Full stack developer ,28 окт.,  Remote,Matrix Global Services– Eastern Europe,https://dev.bg/company/jobads/matrix-global-services-eastern-europe-full-stack-developer-3/,"[' .NET', ' Fullstack Development']"
 Junior Full Stack Developer ,27 окт.,  Remote,Tryzens,https://dev.bg/company/jobads/tryzens-junior-full-stack-developer/,"[' Fullstack Development', ' JavaScript', ' Junior / Intern']"
 BLOCKCHAIN SOFTWARE DEVELOPER (with Solidity) ,27 окт.,  Remote,Bulwork,https://dev.bg/company/jobads/bulwork-blockchain-software-developer-with-solidity/,"[' Fullstack Development', ' Go', ' JavaScript', ' Python']"
 BPM DEVELOPER ,27 окт., София ,Noser Bulgaria,https://dev.bg/company/jobads/noser-bulgaria-bpm-developer/,"[' Fullstack Development', ' Java', ' JavaScript']"
 FULL STACK (RUBY) DEVELOPER ,27 окт.,  Remote,Bulwork,https://dev.bg/company/jobads/bulwork-full-stack-ruby-developer/,"[' Fullstack Development', ' Ruby']"
 Full Stack Web Developer ,27 окт., Пловдив ,SHKOLO,https://dev.bg/company/jobads/shkolo-full-stack-web-developer/,[' Fullstack Development']
 FULL STACK STANDARD DEVELOPER WITH JAVA ,27 окт., София ,Intracol Technologies,https://dev.bg/company/jobads/intracol-full-stack-standard-developer-with-java/,"[' Fullstack Development', ' Java']"
 SENIOR FULL STACK DEVELOPER WITH JAVA ,27 окт., София ,Intracol Technologies,https://dev.bg/company/jobads/intracol-senior-full-stack-developer-with-java/,"[' Fullstack Development', ' Java']"
 Full Stack Developer with Django REST and Angular ,27 окт., София ,Astea Solutions,https://dev.bg/company/jobads/astea-solutions-full-stack-developer-with-django-rest-and-angular/,"[' Angular', ' Fullstack Development', ' JavaScript', ' Python']"
 Web Developer ,27 окт., Бургас ,SmartSys,https://dev.bg/company/jobads/smartsys-web-developer-4-2/,"[' .NET', ' Fullstack Development', ' JavaScript']"
 Full Stack Developer ,27 окт., Русе ,B.A.B.Consult,https://dev.bg/company/jobads/b-a-b-consult-full-stack-developer-3/,"[' Fullstack Development', ' JavaScript']"
 Web Developer ,27 окт., София ,Progress,https://dev.bg/company/jobads/progress-full-stack-software-engineer/,"[' .NET', ' Fullstack Development', ' JavaScript']"
 Senior Full-Stack Engineer ,27 окт., София ,LucidLink,https://dev.bg/company/jobads/lucidlink-senior-full-stack-engineer/,"[' Fullstack Development', ' JavaScript', ' Python']"
 Senior Full Stack Developer (TS) ,27 окт., София ,Auxionize,https://dev.bg/company/jobads/auxionize-senior-full-stack-developer-ts/,"[' Fullstack Development', ' React']"
 WEB Developer ,27 окт., Варна ,Nemetschek Bulgaria,https://dev.bg/company/jobads/nemetschek-bulgaria-web-developer-4/,"[' Fullstack Development', ' JavaScript', ' PHP']"
 Full Stack Java Developer ,27 окт., София ,Amadeus Sofia Labs,https://dev.bg/company/jobads/amadeus-full-stack-java-developer-3/,"[' Angular', ' Fullstack Development', ' Java', ' JavaScript']"
 Web Developer ,27 окт., София ,SmartSys,https://dev.bg/company/jobads/smartsys/,"[' .NET', ' Fullstack Development', ' JavaScript']"
 Development Team Lead ,27 окт., София ,HedgeServ,https://dev.bg/company/jobads/hedgeserv-development-team-lead/,"[' Angular', ' Fullstack Development', ' JavaScript']"
 Junior Developer ,27 окт., София ,Auxionize,https://dev.bg/company/jobads/auxionize-junior-developer/,"[' Fullstack Development', ' Junior / Intern']"
 Software Development Intern ,27 окт.,  Remote,Isobar Commerce,https://dev.bg/company/jobads/isobar-commerce-software-development-intern/,"[' Fullstack Development', ' JavaScript', ' Junior / Intern']"
 SFCC Web Developer ,27 окт., Варна ,Astound Commerce Bulgaria,https://dev.bg/company/jobads/astound-commerce-bulgaria-sfcc-web-developer/,"[' Fullstack Development', ' JavaScript']"
 Full Stack Developer (Node.js) ,27 окт.,  Remote,Xoomworks,https://dev.bg/company/jobads/xoomworks-full-stack-developer-node-js/,"[' Fullstack Development', ' JavaScript', ' Node.js']"
 Senior Web Developer ,27 окт., София ,Mansion Technology and Operations Centre,https://dev.bg/company/jobads/mansion-technology-and-operations-centre-senior-web-developer-2/,"[' Fullstack Development', ' JavaScript']"
 Web Developer ,27 окт.,  Remote,SmartSys,https://dev.bg/company/jobads/smartsys-web-developer-4/,"[' .NET', ' Fullstack Development', ' JavaScript']"
 C++ Full Stack Developer ,27 окт., Варна ,Adecco Bulgaria,https://dev.bg/company/jobads/c-full-stack-developer/,"[' C / C++ / Embedded dev', ' Fullstack Development', ' JavaScript']"
 C# Full Stack Developer ,27 окт., Варна ,Adecco Bulgaria,https://dev.bg/company/jobads/c-full-stack-developer-2/,"[' .NET', ' Fullstack Development']"
 SENIOR FULL STACK ENGINEER ,26 окт., Варна ,Unimasters Logistics,https://dev.bg/company/jobads/unimasters-logistics-senior-full-stack-engineer-1/,"[' Fullstack Development', ' JavaScript', ' PHP']"
 Full Stack Java Developer (remote project) ,26 окт., София ,NATEK,https://dev.bg/company/jobads/natek-full-stack-java-developer-remote-project/,"[' Angular', ' Fullstack Development', ' Java', ' JavaScript']"
 JavaScript Developer – SAP Data Warehouse Cloud Build & Delivery team ,26 окт., София ,SAP,https://dev.bg/company/jobads/javascript-developer-sap-data-warehouse-cloud-build-delivery-team/,"[' Fullstack Development', ' JavaScript', ' Node.js']"
 Junior Developer for SAP Business Technology Platform Apps for Circular Economy ,26 окт., София ,SAP,https://dev.bg/company/jobads/junior-developer-for-sap-business-technology-platform-apps-for-circular-economy/,"[' Fullstack Development', ' Java', ' JavaScript', ' Junior / Intern']"
 Technical Consultant – JavaScript/Python ,26 окт., София ,Sitecore,https://dev.bg/company/jobads/sitecore-technical-consultant-javascript-python/,"[' Fullstack Development', ' JavaScript', ' Python']"
 Full-stack Developer ,26 окт., София ,INENSIA,https://dev.bg/company/jobads/inensia-full-stack-developer-5/,"[' .NET', ' Fullstack Development', ' JavaScript']"
" SENIOR R&D MANAGER, SRE ",26 окт., Пловдив ,DraftKings,https://dev.bg/company/jobads/draftkings-senior-rd-manager-sre/,"[' .NET', ' Fullstack Development', ' IT Management', ' JavaScript']"
" SENIOR R&D MANAGER, SRE ",26 окт., София ,DraftKings,https://dev.bg/company/jobads/draftkings-senior-rd-manager-sre-1/,"[' .NET', ' Fullstack Development', ' IT Management', ' JavaScript']"
 Junior Full-Stack Developer (Java & JavaScript) ,26 окт., София ,Strypes,https://dev.bg/company/jobads/strypes-junior-full-stack-developer-java-javascript/,"[' Angular', ' Fullstack Development', ' Java', ' JavaScript', ' Junior / Intern']"
 Junior Full-Stack Developer (Java & JavaScript) ,26 окт., Пловдив ,Strypes,https://dev.bg/company/jobads/strypes-junior-full-stack-developer-java-javascript-1/,"[' Angular', ' Fullstack Development', ' Java', ' JavaScript', ' Junior / Intern']"
 Junior Full-Stack Developer (Java & JavaScript) ,26 окт., Бургас ,Strypes,https://dev.bg/company/jobads/strypes-junior-full-stack-developer-java-javascript-1-1/,"[' Angular', ' Fullstack Development', ' Java', ' JavaScript', ' Junior / Intern']"
 SENIOR FULL STACK ENGINEER ,25 окт., София ,Unimasters Logistics,https://dev.bg/company/jobads/unimasters-logistics-senior-full-stack-engineer/,"[' Fullstack Development', ' JavaScript', ' PHP']"
 Full-stack Developer /MEAN stack/ ,25 окт., София ,ICB (InterConsult Bulgaria),https://dev.bg/company/jobads/icb-interconsult-bulgaria-full-stack-developer-mean-stack/,"[' Angular', ' Fullstack Development', ' JavaScript', ' Node.js']"
 FULL STACK DEVELOPER ,25 окт., София ,PokerStars,https://dev.bg/company/jobads/pokerstars-full-stack-developer-3-1/,"[' Fullstack Development', ' Java', ' JavaScript']"
 Software Developers Specializing in Documentation ,25 окт., София ,Infragistics,https://dev.bg/company/jobads/infragistics-software-developers-specializing-in-documentation/,"[' .NET', ' Fullstack Development', ' JavaScript']"
 Software Development Team Lead ,25 окт.,  Remote,Isobar Commerce,https://dev.bg/company/jobads/isobar-commerce-software-development-team-lead/,"[' Fullstack Development', ' JavaScript']"
 Full Stack Software Engineer ,25 окт., София ,Clippings,https://dev.bg/company/jobads/clippings-full-stack-software-engineer/,[' Fullstack Development']
 Developer / Solution Engineer ,25 окт., София ,Positive Minds,https://dev.bg/company/jobads/positive-minds-developer-solution-engineer/,"[' Fullstack Development', ' JavaScript', ' React']"
 Junior Full-stack .NET Developer ,25 окт.,  Remote,Sirma,https://dev.bg/company/jobads/sirma-junior-full-stack-net-developer/,"[' .NET', ' Fullstack Development', ' JavaScript', ' Junior / Intern']"
 Blockchain developer ,25 окт., София ,IT PROvocator,https://dev.bg/company/jobads/blockchain-developer-2/,"[' Fullstack Development', ' JavaScript']"
 Experienced Full-Stack Developer ,25 окт., София ,Dreamix,https://dev.bg/company/jobads/dreamix-experienced-full-stack-developer/,"[' Angular', ' Fullstack Development', ' Java']"
 Full Stack Developer (Java / React) ,25 окт., София ,Commerzbank Digital Technology Center,https://dev.bg/company/jobads/commerzbank-digital-technology-center-java-full-stack-developer/,"[' Fullstack Development', ' Java', ' JavaScript', ' React']"
 Senior Full Stack Developer ,25 окт., София ,OfficeRnD,https://dev.bg/company/jobads/officernd-senior-fullstack-javascript-developer/,"[' Fullstack Development', ' JavaScript']"
 Senior .NET Full Stack Developer (.Net Core; ReactJS) ,25 окт., София ,TSD Services,https://dev.bg/company/jobads/tsd-services-senior-net-full-stack-developer-net-core-reactjs/,"[' .NET', ' Fullstack Development']"
 Full Stack PHP & JavaScript Developer ,25 окт.,  Remote,Easy Consult,https://dev.bg/company/jobads/full-stack-php-javascript-developer/,"[' Fullstack Development', ' JavaScript', ' PHP']"
 Full Stack Developer ,25 окт., София ,OfficeRnD,https://dev.bg/company/jobads/officernd-software-engineer-10/,"[' Fullstack Development', ' JavaScript']"
 Senior Software Developer React/ React Native & Ruby/ Node.js ,25 окт.,  Remote,MentorMate,https://dev.bg/company/jobads/mentormate-remote-senior-software-developer-react-react-native-ruby-node-js/,"[' Fullstack Development', ' Node.js', ' React']"
 Full-Stack Developer with Ruby on Rails and JavaScript ,25 окт., София ,Astea Solutions,https://dev.bg/company/jobads/astea-solutions-full-stack-developer-with-ruby-on-rails-and-javascript/,"[' Fullstack Development', ' JavaScript', ' Ruby']"
 Full-stack developer ,25 окт.,  Remote,hack,https://dev.bg/company/jobads/hack-full-stack-developer-5/,"[' Fullstack Development', ' JavaScript', ' Node.js']"
 Full-Stack Developer ,25 окт.,  Remote,PROGRAMISTA,https://dev.bg/company/jobads/programista-full-stack-developer-10/,"[' Fullstack Development', ' JavaScript', ' Node.js']"
 Full Stack Developer (Python/React) ,25 окт., София ,Nemetschek Bulgaria,https://dev.bg/company/jobads/nemetschek-bulgaria-full-stack-developer-python-react/,"[' Fullstack Development', ' JavaScript', ' Python', ' React']"
 Senior Software Developer React/ React Native & Ruby/ Node.js ,25 окт., Варна ,MentorMate,https://dev.bg/company/jobads/mentormate-senior-software-developer-react-react-native-ruby-node-js-3/,"[' Fullstack Development', ' JavaScript', ' Ruby']"
" Senior Manager, Software Development ",25 окт., София ,Amadeus Sofia Labs,https://dev.bg/company/jobads/amadeus-senior-manager-software-development/,"[' Fullstack Development', ' IT Management']"
 Full Stack Software Engineer – Sort Integration ,25 окт., София ,Ocado Technology,https://dev.bg/company/jobads/ocado-technology-full-stack-software-engineer-sort-integration/,"[' Fullstack Development', ' Go', ' JavaScript', ' React']"
 Full-stack Java developer with Elastic Search experience ,25 окт., София ,VMware Bulgaria,https://dev.bg/company/jobads/vmware-bulgaria-java-software-developer-vmware-content-operations/,"[' Fullstack Development', ' Java']"
 Full Stack Engineer ,25 окт., Пловдив ,Pivot Energy Services,https://dev.bg/company/jobads/pivot-energy-services-3/,"[' Fullstack Development', ' JavaScript', ' Node.js']"
 Full-stack Java developer with Elastic Search experience ,25 окт.,  Remote,VMware Bulgaria,https://dev.bg/company/jobads/vmware-bulgaria-java-software-developer-vmware-content-operations-2/,"[' Fullstack Development', ' Java']"
 Senior Software Engineer / Full Stack ,25 окт., София ,Playtech,https://dev.bg/company/jobads/playtech-senior-software-engineer-full-stack/,"[' Fullstack Development', ' Java', ' JavaScript']"
 Software Development Fresh Graduates ,25 окт., София ,Experian,https://dev.bg/company/jobads/experian-software-development-fresh-graduates/,"[' Fullstack Development', ' Java', ' JavaScript', ' Junior / Intern']"
 JAVASCRIPT DEVELOPER ,25 окт., София ,Godel Technologies,https://dev.bg/company/jobads/godel-technologies-javascript-developer-4/,"[' Fullstack Development', ' JavaScript', ' Node.js']"
 Senior Fullstack Engineer ,25 окт.,  Remote,Xoomworks,https://dev.bg/company/jobads/xoomworks-senior-fullstack-engineer/,"[' Fullstack Development', ' JavaScript', ' React']"
 Full Stack Developer / FinTech ,25 окт., София ,eCollect,https://dev.bg/company/jobads/ecollect-full-stack-developer-fintech/,"[' Fullstack Development', ' JavaScript']"
 Full Stack Software Engineer (Spring / Angular) ,22 окт., София ,Qualifast,https://dev.bg/company/jobads/qualifast-full-stack-software-engineer-spring-angular/,"[' Fullstack Development', ' Java', ' JavaScript']"
 Junior Software Engineer ,22 окт.,  Remote,Gtmhub,https://dev.bg/company/jobads/gtmhub-junior-software-engineer-1/,"[' Fullstack Development', ' JavaScript', ' Junior / Intern']"
 Full Stack Developer – Digital Marketing ,22 окт., София ,PokerStars,https://dev.bg/company/jobads/pokerstars-full-stack-developer-digital-marketing/,"[' Fullstack Development', ' Java', ' JavaScript']"
 Software Engineer ,22 окт., София ,Payhawk,https://dev.bg/company/jobads/payhawk-software-engineer-2/,"[' Fullstack Development', ' JavaScript', ' Node.js', ' React']"
 Full Stack Developer ,22 окт., София ,Software Group,https://dev.bg/company/jobads/software-group2-software-group-android-mobile-developer-2/,"[' Fullstack Development', ' Node.js', ' React']"
 Senior Full Stack Developer ,22 окт., София ,Software Group,https://dev.bg/company/jobads/software-group2-software-group-senior-full-stack-developer/,[' Fullstack Development']
 FULL STACK УЕБ РАЗРАБОТЧИК ,22 окт., София ,ONLIME,https://dev.bg/company/jobads/onlime-full-stack-ueb-razrabotchik/,"[' Fullstack Development', ' JavaScript', ' PHP']"
 Junior Full-Stack Developer ,22 окт., Варна ,MentorMate,https://dev.bg/company/jobads/mentormate-rookie-to-full-stack-rockstar-4/,"[' Fullstack Development', ' JavaScript', ' Junior / Intern', ' Python']"
 Senior Full-Stack Developer for SAP BTP / SCP ,22 окт., Пловдив ,Accenture Bulgaria,https://dev.bg/company/jobads/accenture-bulgaria-senior-full-stack-developer-for-sap-btp-scp/,"[' Fullstack Development', ' Java', ' JavaScript']"
 Full-Stack Developer for SAP BTP / SCP ,22 окт., София ,Accenture Bulgaria,https://dev.bg/company/jobads/accenture-bulgaria-full-stack-developer-for-sap-btp-scp/,"[' Fullstack Development', ' Java', ' JavaScript']"
 Full-Stack Developer ,22 окт., София ,NATEK,https://dev.bg/company/jobads/natek-full-stack-developer-6/,"[' Fullstack Development', ' Java', ' JavaScript']"
 Junior Full-Stack Developer ,22 окт., Русе ,MentorMate,https://dev.bg/company/jobads/mentormate-rookie-to-full-stack-rockstar-3/,"[' Fullstack Development', ' JavaScript', ' Junior / Intern', ' Python']"
 Full-Stack Developer for SAP BTP / SCP ,22 окт., Пловдив ,Accenture Bulgaria,https://dev.bg/company/jobads/accenture-bulgaria-full-stack-developer-for-sap-btp-scp-2/,"[' Fullstack Development', ' Java', ' JavaScript']"
 Full Stack Developer (Digital Banking) ,22 окт., София ,Commerzbank Digital Technology Center,https://dev.bg/company/jobads/commerzbank-digital-technology-center-full-stack-developer-digital-banking/,"[' Fullstack Development', ' Java', ' JavaScript', ' React']"
 Identity Management Application Developer ,22 окт., София ,Stanga1,https://dev.bg/company/jobads/stanga1-identity-management-application-developer/,"[' Fullstack Development', ' Java', ' JavaScript']"
 BPM Developer ,22 окт., София ,Digital and Software Solutions,https://dev.bg/company/jobads/digital-and-software-solutions-bpm-developer/,"[' Fullstack Development', ' Java', ' JavaScript']"
 Senior Full-Stack Developer for SAP BTP / SCP ,22 окт., София ,Accenture Bulgaria,https://dev.bg/company/jobads/accenture-bulgaria-senior-full-stack-developer-for-sap-btp-scp-2/,"[' Fullstack Development', ' Java', ' JavaScript']"
 Senior Full Stack Software Engineer ,22 окт., София ,Via Engineering,https://dev.bg/company/jobads/via-engineering-senior-full-stack-software-engineer/,"[' Fullstack Development', ' Go', ' JavaScript']"
 Senior Identity Management Application Developer ,22 окт., София ,Stanga1,https://dev.bg/company/jobads/stanga1-senior-identity-management-application-developer/,"[' Fullstack Development', ' Java', ' JavaScript']"
 Full-Stack Developer ,22 окт., София ,Top Skills Recruitment,https://dev.bg/company/jobads/full-stack-developer-2/,"[' .NET', ' Fullstack Development']"
 Junior Full-Stack Developer ,22 окт., София ,MentorMate,https://dev.bg/company/jobads/mentormate-rookie-to-full-stack-rockstar/,"[' Fullstack Development', ' JavaScript', ' Junior / Intern', ' Python']"
 PHP Web Developer ,22 окт., Пловдив ,Advise Tech,https://dev.bg/company/jobads/advise-tech-php-web-developer/,"[' Fullstack Development', ' JavaScript', ' PHP']"
 Fullstack Node.js React Developer ,22 окт.,  Remote,HRCP,https://dev.bg/company/jobads/fullstack-node-js-react-developer-remote/,"[' Fullstack Development', ' JavaScript', ' Node.js', ' React']"
 Full-stack .NET Engineer ,22 окт., София ,Questers,https://dev.bg/company/jobads/questers-full-stack-net-engineer-2/,"[' .NET', ' Fullstack Development', ' JavaScript', ' React']"
 Full-Stack C# Developer ,22 окт., София ,Manpower,https://dev.bg/company/jobads/full-stack-c-developer/,"[' .NET', ' Angular', ' Fullstack Development', ' JavaScript']"
 Senior Ruby/ PHP/ Python/ AngularJS Developer (Acronis Cyber Files) ,22 окт., София ,Acronis,https://dev.bg/company/jobads/senior-backend-developer-acronis-cyber-files/,"[' Angular', ' Fullstack Development', ' JavaScript']"
 FULL-STACK TECH LEAD ,21 окт., София ,Bulwork,https://dev.bg/company/jobads/bulwork-full-stack-tech-lead/,"[' Fullstack Development', ' JavaScript', ' Node.js', ' React']"
 Senior Full Stack Developer (.NET / JS) ,21 окт., София ,Tick42,https://dev.bg/company/jobads/tick42-senior-full-stack-developer-net-js/,"[' .NET', ' Fullstack Development', ' JavaScript']"
 Full-Stack Developer ,21 окт., Пловдив ,Next Logistics,https://dev.bg/company/jobads/nextlogistics-full-stack-developer-3/,"[' Fullstack Development', ' JavaScript', ' PHP']"
 Mid/Senior Full Stack Engineer ,21 окт., София ,Dreamix,https://dev.bg/company/jobads/dreamix-mid-senior-full-stack-engineer/,"[' Fullstack Development', ' Java', ' JavaScript']"
 Junior Full-Stack Developer ,21 окт., Пловдив ,MentorMate,https://dev.bg/company/jobads/mentormate-rookie-to-full-stack-rockstar-2/,"[' Fullstack Development', ' JavaScript', ' Junior / Intern', ' Python']"
 Senior Software Engineer ,21 окт., София ,TechPods,https://dev.bg/company/jobads/techpods-senior-software-engineer-2/,"[' Fullstack Development', ' JavaScript', ' Node.js']"
 Team Lead – JS Team ,20 окт., София ,Gamito,https://dev.bg/company/jobads/gamito-team-lead-js-team/,"[' Fullstack Development', ' JavaScript', ' Node.js']"
 Web Developer (WordPress) ,20 окт., София ,TOUCHPOINT,https://dev.bg/company/jobads/touchpoint-web-developer-wordpress/,"[' Fullstack Development', ' PHP']"
 Front-end WordPress Developer ,20 окт., София ,TOUCHPOINT,https://dev.bg/company/jobads/touchpoint-front-end-wordpress-developer/,"[' Frontend Development', ' Fullstack Development']"
 Full Stack Software Engineer – Bot Manufacturing and Diagnostics ,20 окт., София ,Ocado Technology,https://dev.bg/company/jobads/ocado-technology-full-stack-software-engineer-bot-manufacturing-and-diagnostics/,"[' Fullstack Development', ' Java', ' JavaScript', ' React']"
 Senior Fullstack Developer (React and .NET) ,20 окт., София ,Fourth,https://dev.bg/company/jobads/fourth-senior-fullstack-developer-react-and-net/,"[' .NET', ' Fullstack Development', ' JavaScript', ' React']"
 UI Engineering Manager ,20 окт., София ,Taulia,https://dev.bg/company/jobads/taulia-ui-engineering-manager/,"[' Fullstack Development', ' IT Management', ' JavaScript']"
 Junior Full-Stack Developer ,20 окт.,  Remote,MentorMate,https://dev.bg/company/jobads/mentormate-rookie-to-full-stack-rockstar-5/,"[' Fullstack Development', ' JavaScript', ' Junior / Intern', ' Python']"
 Web Developer ,20 окт., София ,Adecco Bulgaria,https://dev.bg/company/jobads/web-developer/,"[' .NET', ' Fullstack Development', ' JavaScript']"
 Principal Fullstack Developer (React and .NET) ,20 окт., София ,Fourth,https://dev.bg/company/jobads/fourth-principal-fullstack-developer-react-and-net/,"[' .NET', ' Fullstack Development', ' JavaScript', ' React']"
 Full Stack Software Engineer ,20 окт., София ,Taulia,https://dev.bg/company/jobads/taulia-full-stack-software-engineer/,"[' Fullstack Development', ' JavaScript']"
 Software Engineer ,20 окт., София ,Cargill,https://dev.bg/company/jobads/cargill-software-engineer-2/,"[' Fullstack Development', ' Python']"
 Software Engineer ,19 окт., София ,Insurify,https://dev.bg/company/jobads/insurify-software-engineer-2/,"[' Fullstack Development', ' JavaScript', ' Python']"
 Software Engineer – Cyber Security Center ,19 окт., София ,Cargill,https://dev.bg/company/jobads/cargill-software-engineer-cyber-security-center/,"[' Fullstack Development', ' Python']"
 Full-Stack Developer ,19 окт., София ,MК IT,https://dev.bg/company/jobads/mk-it-full-stack-developer-3/,"[' Fullstack Development', ' JavaScript', ' Node.js']"
 Junior Full-Stack Developer ,19 окт., София ,MК IT,https://dev.bg/company/jobads/mk-it-junior-full-stack-developer/,"[' Fullstack Development', ' JavaScript', ' Junior / Intern', ' Node.js']"
 Software Developer ,19 окт., Варна ,DNR,https://dev.bg/company/jobads/dnr-software-developer/,"[' Fullstack Development', ' PHP']"
 DEPARTMENT LEADER – E-COMMERCE DEVELOPMENT ,19 окт., София ,Schwarz IT Bulgaria,https://dev.bg/company/jobads/schwarz-it-bulgaria-department-leader-e-commerce-development/,"[' Fullstack Development', ' IT Management', ' Java']"
 Web and Database Developer ,19 окт., София ,Adecco Bulgaria,https://dev.bg/company/jobads/adecco-bulgaria-web-and-database-developer/,"[' .NET', ' Angular', ' Database Engineer', ' Fullstack Development', ' Infrastructure', ' JavaScript']"
 SENIOR PYTHON / JAVA FULLSTACK SOFTWARE ENGINEER ,19 окт., София ,Schwarz IT Bulgaria,https://dev.bg/company/jobads/schwarz-it-bulgaria-senior-python-java-fullstack-software-engineer/,"[' Fullstack Development', ' Java', ' JavaScript', ' Python']"
 Software Development Lead ,19 окт., София ,DXC Technology,https://dev.bg/company/jobads/dxc-technology-software-development-lead/,"[' Fullstack Development', ' JavaScript', ' Node.js']"
 Java Full Stack Developer ,19 окт., София ,Endava,https://dev.bg/company/jobads/endava-java-full-stack-developer/,"[' Fullstack Development', ' Java', ' JavaScript']"
 FULL STACK DEVELOPER ,19 окт., София ,Service Center Agencies,https://dev.bg/company/jobads/service-center-agencies-full-stack-developer-3/,"[' Fullstack Development', ' JavaScript', ' PHP']"
 Fullstack developer ,19 окт., София ,VRP consulting,https://dev.bg/company/jobads/vrp-consulting-fullstack-developer/,"[' Fullstack Development', ' JavaScript']"
 Full-Stack Developer – React.js & .Net ,19 окт., София ,Finovation,https://dev.bg/company/jobads/finovation-full-stack-developer-react-js-net/,"[' .NET', ' Fullstack Development', ' JavaScript', ' React']"
 Full-Stack Developer (Java & JavaScript) ,19 окт., София ,Strypes,https://dev.bg/company/jobads/strypes-full-stack-developer-java-javascript/,"[' Fullstack Development', ' Java', ' JavaScript']"
 Full-Stack Developer (Java & JavaScript) ,19 окт., Пловдив ,Strypes,https://dev.bg/company/jobads/strypes-full-stack-developer-java-javascript-2/,"[' Fullstack Development', ' Java', ' JavaScript']"
 Full-Stack Developer (Java & JavaScript) ,19 окт., Бургас ,Strypes,https://dev.bg/company/jobads/strypes-full-stack-developer-java-javascript-3/,"[' Fullstack Development', ' Java', ' JavaScript']"
 Senior Full Stack Engineer ,19 окт., София ,PSInteractive,https://dev.bg/company/jobads/psinteractive-senior-full-stack-engineer/,"[' Fullstack Development', ' JavaScript', ' Node.js', ' React']"
 FULL STACK SOFTWARE DEVELOPER ( .NET) ,18 окт., София ,Bulwork,https://dev.bg/company/jobads/bulwork-full-stack-software-developer-net/,"[' .NET', ' Fullstack Development', ' JavaScript']"
 FULL STACK .NET DEVELOPER ,18 окт.,  Remote,Bulwork,https://dev.bg/company/jobads/bulwork-full-stack-net-developer-3/,"[' .NET', ' Angular', ' Fullstack Development', ' JavaScript']"
 Junior Software Engineer ,18 окт., София ,Experian,https://dev.bg/company/jobads/experian-junior-software-engineer-1/,"[' Fullstack Development', ' Java', ' JavaScript', ' Junior / Intern']"
 Junior Software Engineer ,18 окт., София ,Experian,https://dev.bg/company/jobads/experian-junior-software-engineer/,"[' Fullstack Development', ' Java', ' JavaScript', ' Junior / Intern']"
 FULL-STACK .NET DEVELOPER ,18 окт., София ,N-iX,https://dev.bg/company/jobads/n-ix-full-stack-net-developer-3/,"[' .NET', ' Angular', ' Fullstack Development', ' JavaScript']"
 Full Stack/ Back-end Developer (Mid/ Senior level) ,18 окт., Варна ,Quanterall,https://dev.bg/company/jobads/quanterall-full-stack-back-end-developer-mid-senior-level/,"[' Fullstack Development', ' JavaScript']"
 Full Stack Software Developer ,18 окт.,  Remote,SplashDev,https://dev.bg/company/jobads/splashdev-full-stack-software-developer/,"[' .NET', ' Fullstack Development', ' JavaScript']"
 Senior JavaScript Developer ,18 окт., София ,Healee,https://dev.bg/company/jobads/healee-full-stack-javascript-developer/,"[' Fullstack Development', ' JavaScript', ' Node.js']"
 Software Developer (Full Stack Java) ,18 окт., София ,Amadeus Sofia Labs,https://dev.bg/company/jobads/amadeus-software-developer-full-stack-java/,"[' Fullstack Development', ' Java', ' JavaScript']"
 Full Stack JavaScript Developer ,18 окт.,  Remote,ASCENT,https://dev.bg/company/jobads/ascent-javascript-developer-4/,"[' Fullstack Development', ' JavaScript', ' Node.js']"
 Principal JavaScript Engineer ,18 окт., София ,Questers,https://dev.bg/company/jobads/questers-principal-javascript-engineer/,"[' Fullstack Development', ' JavaScript', ' Node.js', ' React']"
 Fullstack Python Developer ,18 окт., София ,Acronis,https://dev.bg/company/jobads/acronis-fullstack-python-developer/,"[' Fullstack Development', ' JavaScript', ' Python', ' Vue.js']"
 Software Engineer ,18 окт., София ,ZenCodeo,https://dev.bg/company/jobads/zencodeo-software-engineer/,"[' .NET', ' Fullstack Development', ' JavaScript']"
 Software Engineer ,18 окт.,  Remote,ZenCodeo,https://dev.bg/company/jobads/zencodeo-software-engineer-2/,"[' .NET', ' Fullstack Development', ' JavaScript']"
 Senior JavaScript Developer ,18 окт.,  Remote,Healee,https://dev.bg/company/jobads/healee/,"[' Fullstack Development', ' JavaScript', ' Node.js']"
 Web Developer ,18 окт.,  Remote,Digitanity,https://dev.bg/company/jobads/digitanity-web-developer-3/,"[' Fullstack Development', ' JavaScript', ' PHP']"
 Full-Stack Developer ,18 окт., Варна ,KBC Group N.V. – Branch Bulgaria / Digital Development Center,https://dev.bg/company/jobads/kbc-digital-development-center-full-stack-developer-5/,"[' .NET', ' Angular', ' Fullstack Development', ' JavaScript']"
 Full- Stack JavaScript Developer (React+Node.js) ,18 окт., София ,Coherent Solutions,https://dev.bg/company/jobads/coherent-solutions-full-stack-javascript-developer-react-node-js/,"[' Fullstack Development', ' JavaScript', ' Node.js', ' React']"
 Софтуерен програмист ,18 окт.,  Remote,BigArena,https://dev.bg/company/jobads/bigarena-softueren-programist/,"[' Fullstack Development', ' JavaScript', ' PHP', ' Vue.js']"
 Senior Full Stack Engineer ,15 окт.,  Remote,Motion Software,https://dev.bg/company/jobads/motion-software-senior-full-stack-engineer/,"[' Fullstack Development', ' JavaScript']"
 Full Stack Product Engineer ,15 окт.,  Remote,Motion Software,https://dev.bg/company/jobads/motion-software-full-stack-product-engineer/,"[' Fullstack Development', ' JavaScript', ' Node.js', ' React']"
 Senior Full-Stack Engineer (Rails + Vue.js) ,15 окт.,  Remote,Motion Software,https://dev.bg/company/jobads/motion-software-senior-full-stack-engineer-rails-vue-js/,"[' Fullstack Development', ' JavaScript', ' Ruby', ' Vue.js']"
 Software Engineer – Web Development ,15 окт., София ,Isobar Commerce,https://dev.bg/company/jobads/isobar-commerce-software-engineer-web/,"[' Fullstack Development', ' JavaScript']"
 Senior .NET Developer with Vue.js ,15 окт.,  Remote,MentorMate,https://dev.bg/company/jobads/mentormate-senior-net-developer-with-vue-js/,"[' .NET', ' Fullstack Development', ' JavaScript', ' Vue.js']"
 Web Developer ,15 окт., София ,Tryzens,https://dev.bg/company/jobads/tryzens-web-developer-2/,"[' Fullstack Development', ' JavaScript']"
 Senior .NET Developer with Vue.js ,15 окт., Русе ,MentorMate,https://dev.bg/company/jobads/mentormate-senior-net-developer-with-vue-js-4/,"[' .NET', ' Fullstack Development', ' JavaScript', ' Vue.js']"
 Standard Full Stack Java Developer ,15 окт., София ,BULPROS,https://dev.bg/company/jobads/bulpros-standard-full-stack-java-developer/,"[' Fullstack Development', ' Java', ' JavaScript']"
 Senior .NET Developer with Vue.js ,15 окт., София ,MentorMate,https://dev.bg/company/jobads/mentormate-senior-net-developer-with-vue-js-5/,"[' .NET', ' Fullstack Development', ' JavaScript', ' Vue.js']"
 JavaScript Engineer ,15 окт., София ,Questers,https://dev.bg/company/jobads/questers-javascript-engineer-2/,"[' Fullstack Development', ' JavaScript', ' React']"
 Java Fullstack Developer ,15 окт., Варна ,DXC Technology,https://dev.bg/company/jobads/dxc-technology-java-fullstack-developer-2/,"[' Fullstack Development', ' Java', ' JavaScript']"
 Senior Full-Stack Software Engineer – Professional Services ,15 окт., София ,VMware Bulgaria,https://dev.bg/company/jobads/vmware-bulgaria-senior-software-engineer-with-java-c-javascript-or-python-and-back-end-knowledge-experience/,"[' Fullstack Development', ' JavaScript']"
 Senior Full-Stack Software Engineer – Professional Services ,15 окт.,  Remote,VMware Bulgaria,https://dev.bg/company/jobads/vmware-bulgaria-senior-software-engineer-with-java-c-javascript-or-python-and-back-end-knowledge-experience-2/,"[' Fullstack Development', ' JavaScript']"
 Full Stack Web Developer ,15 окт., София ,SHKOLO,https://dev.bg/company/jobads/shkolo-full-stack-web-developer-2/,"[' Fullstack Development', ' JavaScript', ' PHP']"
 SOFTWARE ENGINEER ,15 окт., София ,DraftKings,https://dev.bg/company/jobads/draftkings-software-engineer-2-4/,"[' .NET', ' Fullstack Development', ' JavaScript', ' React']"
 FULL STACK (REACTJS+NODEJS) DEVELOPER ,15 окт., София ,Godel Technologies,https://dev.bg/company/jobads/godel-technologies-full-stack-reactjs-nodejs-developer/,"[' Fullstack Development', ' JavaScript', ' Node.js', ' React']"
 Senior .NET Developer with Vue.js ,15 окт., Варна ,MentorMate,https://dev.bg/company/jobads/mentormate-senior-net-developer-with-vue-js-2/,"[' .NET', ' Fullstack Development', ' JavaScript', ' Vue.js']"
 Java Fullstack Developer ,15 окт., София ,DXC Technology,https://dev.bg/company/jobads/dxc-technology-java-fullstack-developer/,"[' Fullstack Development', ' Java', ' JavaScript']"
 Java Developer with Angular ,15 окт., София ,Proxiad Bulgaria,https://dev.bg/company/jobads/proxiad-java-developer-with-angular/,"[' Angular', ' Fullstack Development', ' Java', ' JavaScript']"
 SENIOR WEBUI SOFTWARE ENGINEER ,15 окт., София ,SoftServe,https://dev.bg/company/jobads/softserve-senior-webui-software-engineer/,"[' Fullstack Development', ' JavaScript', ' Node.js', ' React']"
 Full stack .NET developer ,15 окт., София ,Avexys,https://dev.bg/company/jobads/avexys-full-stack-net-developer-3/,"[' .NET', ' Fullstack Development', ' JavaScript']"
 Java Web Developer ,15 окт.,  Remote,Devexperts,https://dev.bg/company/jobads/devexperts-java-web-developer-2/,"[' Fullstack Development', ' Java', ' JavaScript']"
 Senior .NET Developer with Vue.js ,15 окт., Пловдив ,MentorMate,https://dev.bg/company/jobads/mentormate-senior-net-developer-with-vue-js-3/,"[' .NET', ' Fullstack Development', ' JavaScript', ' Vue.js']"
 Senior Software Engineer ,15 окт., София ,Uber (Engineering),https://dev.bg/company/jobads/uber-senior-software-engineer/,"[' Fullstack Development', ' JavaScript', ' Python']"
 Fullstack Javascript Engineer ,15 окт.,  Remote,CodeCoda,https://dev.bg/company/jobads/codecoda-fullstack-javascript-engineer/,"[' Fullstack Development', ' JavaScript']"
 Senior Fullstack PHP Developer ,15 окт.,  Remote,CodeCoda,https://dev.bg/company/jobads/codecoda-senior-fullstack-php-developer/,"[' Fullstack Development', ' PHP']"
 Senior Full-Stack Web Developer ,15 окт., София ,Tryzens,https://dev.bg/company/jobads/tryzens-senior-full-stack-web-developer/,"[' Fullstack Development', ' JavaScript']"
 Angular/.Net Developer ,14 окт., София ,Object Systems International,https://dev.bg/company/jobads/object-systems-international-angular-net-developer/,"[' .NET', ' Angular', ' Fullstack Development', ' JavaScript']"
 Практически стаж като frontend програмист – WordPress ,14 окт., София ,Cobweb Software,https://dev.bg/company/jobads/cobweb-software-prakticheski-stazh-kato-frontend-programist-wordpress/,"[' Fullstack Development', ' JavaScript', ' Junior / Intern', ' PHP']"
 SENIOR FULL STACK DEVELOPER ,14 окт., София ,PokerStars,https://dev.bg/company/jobads/pokerstars-senior-full-stack-developer-2/,"[' Fullstack Development', ' JavaScript', ' Node.js']"
 FULL STACK DEVELOPER ,14 окт., София ,PokerStars,https://dev.bg/company/jobads/pokerstars-full-stack-developer-3/,"[' Fullstack Development', ' Java', ' JavaScript', ' React']"
 FULLSTACK DEVELOPER ,14 окт., София ,PokerStars,https://dev.bg/company/jobads/pokerstars-fullstack-developer/,"[' C / C++ / Embedded dev', ' Fullstack Development', ' Java', ' JavaScript']"
 Business Solution Architect ,14 окт., Варна ,Immedis,https://dev.bg/company/jobads/immedis-business-solution-architect/,"[' Fullstack Development', ' Java', ' JavaScript']"
 JavaScript Developer (React/Angular/Node.js) ,14 окт., Пловдив ,Sciant,https://dev.bg/company/jobads/sciant-javascript-developer-react-angular-node-js/,"[' Fullstack Development', ' JavaScript', ' Node.js']"
 Full Stack Developer ,14 окт., София ,Pressrelations,https://dev.bg/company/jobads/pressrelations-full-stack-developer-3/,"[' Fullstack Development', ' JavaScript', ' React', ' Ruby']"
 Full-stack JavaScript Engineer ,14 окт., София ,Questers,https://dev.bg/company/jobads/questers-full-stack-javascript-engineer/,"[' Fullstack Development', ' JavaScript', ' Node.js', ' React']"
 Senior Software Developer ,14 окт., София ,SolarEdge,https://dev.bg/company/jobads/solaredge-senior-software-developer-2/,"[' Fullstack Development', ' Java', ' JavaScript']"
 Lead Software Engineer ,14 окт., София ,Adecco Bulgaria,https://dev.bg/company/jobads/lead-software-engineer/,"[' Fullstack Development', ' JavaScript']"
 Software Developer ,14 окт., София ,SolarEdge,https://dev.bg/company/jobads/solaredge-software-developer/,"[' Fullstack Development', ' Java', ' JavaScript']"
 Full Stack Developer with React and Nodejs ,14 окт., София ,BGO Software,https://dev.bg/company/jobads/bgo-software-full-stack-developer-with-react-and-nodejs/,"[' Fullstack Development', ' JavaScript', ' Node.js', ' React']"
 Full Stack Developer (C#/ReactJS) ,14 окт., София ,Nemetschek Bulgaria,https://dev.bg/company/jobads/nemetschek-bulgaria-full-stack-developer-c-reactjs/,"[' .NET', ' Fullstack Development', ' JavaScript', ' React']"
 Full Stack Developer (C#/ReactJS) ,14 окт., Варна ,Nemetschek Bulgaria,https://dev.bg/company/jobads/nemetschek-bulgaria-full-stack-developer-c-reactjs-2/,"[' .NET', ' Fullstack Development', ' JavaScript', ' React']"
 Senior Full Stack Java Developer ,14 окт., София ,BULPROS,https://dev.bg/company/jobads/bulpros-senior-full-stack-java-developer/,"[' Fullstack Development', ' Java', ' JavaScript']"
 Senior Full Stack Engineer ,14 окт., София ,Quickbase,https://dev.bg/company/jobads/quickbase-senior-full-stack-engineer/,"[' Fullstack Development', ' JavaScript']"
 Senior JS Developer ,14 окт.,  Remote,Macrometa,https://dev.bg/company/jobads/macrometa-senior-js-developer/,"[' Fullstack Development', ' JavaScript', ' React']"
 Full Stack Software Engineer ,14 окт., София ,TechPods,https://dev.bg/company/jobads/techpods-full-stack-software-engineer/,"[' Fullstack Development', ' Java', ' JavaScript']"
 Full Stack Developer (PHP + JavaScript) ,14 окт., София ,Weply,https://dev.bg/company/jobads/weply-full-stack-developer-php-javascript/,"[' Fullstack Development', ' JavaScript', ' PHP']"
 Senior Web Engineer ,14 окт., София ,cleversoft group,https://dev.bg/company/jobads/cleversoft-group-senior-web-engineer-m-f-d/,"[' Fullstack Development', ' JavaScript', ' PHP']"
 Senior Web Engineer ,14 окт., Русе ,cleversoft group,https://dev.bg/company/jobads/cleversoft-group-senior-web-engineer-ruse/,"[' Fullstack Development', ' JavaScript', ' PHP']"
 PHP Full Stack Developer ,14 окт., София ,SolarEdge,https://dev.bg/company/jobads/solaredge-php-full-stack-developer/,"[' Fullstack Development', ' JavaScript', ' PHP']"
 Shopify Developer ,13 окт., София ,NitroPack,https://dev.bg/company/jobads/nitropack-shopify-developer/,"[' Fullstack Development', ' JavaScript', ' PHP']"
 Full-Stack Developer Java ,13 окт., София ,Resolve Systems,https://dev.bg/company/jobads/resolve-systems-full-stack-developer-java/,"[' Fullstack Development', ' Java', ' JavaScript']"
 DeFi Deployment Engineer ,13 окт., София ,Celsius Network,https://dev.bg/company/jobads/celsius-network-defi-deployment-engineer/,"[' Fullstack Development', ' JavaScript', ' Python']"
 Full Stack Developer with .NET and Angular ,13 окт., София ,Astea Solutions,https://dev.bg/company/jobads/astea-solutions-full-stack-developer-with-net-and-angular/,"[' .NET', ' Angular', ' Fullstack Development']"
 Senior Software Engineer ,13 окт., София ,Payhawk,https://dev.bg/company/jobads/payhawk-senior-software-engineer-2/,"[' Fullstack Development', ' JavaScript', ' Node.js']"
 Full Stack Developer ,13 окт.,  Remote,Forex24,https://dev.bg/company/jobads/forex24-full-stack-developer-2/,"[' Fullstack Development', ' JavaScript']"
 Fullstack .Net Developer ,13 окт., Варна ,DXC Technology,https://dev.bg/company/jobads/dxc-technology-fullstack-net-developer/,"[' .NET', ' Fullstack Development', ' JavaScript']"
 Full-Stack Java Developer ,13 окт., София ,Infosystems,https://dev.bg/company/jobads/infosystems-java-developer-9/,"[' Fullstack Development', ' Java']"
 Full Stack Developer (Java) ,13 окт., София ,IQSoft,https://dev.bg/company/jobads/iqsoft-full-stack-developer-java/,"[' Fullstack Development', ' Java', ' JavaScript']"
 Applications Developer ,13 окт., Пловдив ,Sirma,https://dev.bg/company/jobads/sirma-applications-developer/,"[' Fullstack Development', ' Java', ' JavaScript']"
 Full Stack Developer(PHP+React) ,13 окт.,  Remote,BICA Services,https://dev.bg/company/jobads/bica-services-full-stack-developerphp-react-2/,"[' Fullstack Development', ' JavaScript', ' PHP', ' React']"
 Senior Software Developer ,13 окт., София ,Transmetrics,https://dev.bg/company/jobads/transmetrics-senior-software-developer/,"[' Fullstack Development', ' Java', ' JavaScript']"
 Full-Stack Developer ,13 окт.,  Remote,Sirma,https://dev.bg/company/jobads/sirma-full-stack-developer-5/,"[' Fullstack Development', ' Junior / Intern']"
 Senior Full Stack Engineer ,13 окт.,  Remote,Xoomworks,https://dev.bg/company/jobads/xoomworks-senior-full-stack-engineer/,"[' .NET', ' Fullstack Development', ' JavaScript']"
 Senior JavaScript Engineer (Node.js) ,13 окт., София ,Questers,https://dev.bg/company/jobads/questers-senior-javascript-engineer-node-js/,"[' Fullstack Development', ' JavaScript', ' Node.js']"
 Full Stack Engineer ,13 окт.,  Remote,Xoomworks,https://dev.bg/company/jobads/xoomworks-full-stack-engineer/,"[' .NET', ' Fullstack Development', ' JavaScript']"
 Mid-level Full-Stack Developer ,13 окт., София ,Dynamo Software Bulgaria,https://dev.bg/company/jobads/dynamo-software-bulgaria-mid-level-full-stack-developer/,"[' .NET', ' Fullstack Development', ' JavaScript']"
 FULL STACK NODEJS DEVELOPER ,13 окт., София ,Endava,https://dev.bg/company/jobads/endava-full-stack-nodejs-developer/,"[' Fullstack Development', ' JavaScript', ' Node.js', ' React']"
 Software Engineer – Opportunity for Working ,12 окт.,  Remote,VMware Bulgaria,https://dev.bg/company/jobads/vmware-bulgaria-software-engineer-opportunity-for-working/,"[' Fullstack Development', ' JavaScript']"
 Technical Lead ,12 окт., София ,Clippings,https://dev.bg/company/jobads/clippings-technical-lead-4/,"[' Fullstack Development', ' JavaScript', ' PHP']"
 Senior Full-Stack .Net Developer ,12 окт., София ,bet365,https://dev.bg/company/jobads/bet365/,"[' .NET', ' Fullstack Development', ' JavaScript']"
 Senior Software Engineer ,12 окт., София ,Clippings,https://dev.bg/company/jobads/clippings-senior-software-engineer-7/,"[' Fullstack Development', ' JavaScript', ' PHP']"
 Senior Web Developer ,12 окт., София ,ForkPoint,https://dev.bg/company/jobads/forkpoint-senior-web-developer/,"[' Fullstack Development', ' JavaScript', ' PHP']"
 JavaScript Developer Internship ,12 окт., София ,hack,https://dev.bg/company/jobads/hack-javascript-developer-internship/,"[' Fullstack Development', ' JavaScript', ' Junior / Intern', ' Node.js']"
 Senior Full Stack Developer ,12 окт.,  Remote,OfficeRnD,https://dev.bg/company/jobads/officernd-senior-full-stack-developer/,"[' Fullstack Development', ' JavaScript']"
 Senior Full-Stack Developer ,12 окт., София ,Visteon,https://dev.bg/company/jobads/visteon-senior-full-stack-developer-2/,"[' .NET', ' Fullstack Development', ' JavaScript']"
 Full Stack Developer (Java/JavaScript) ,12 окт., София ,Nemetschek Bulgaria,https://dev.bg/company/jobads/nemetschek-bulgaria-full-stack-developer-java-javascript/,"[' Fullstack Development', ' Java', ' JavaScript']"
 ServiceNow Developer ,12 окт., София ,Endava,https://dev.bg/company/jobads/endava-servicenow-developer-2/,[' Fullstack Development']
 Fullstack .Net Developer ,12 окт., София ,DXC Technology,https://dev.bg/company/jobads/dxc-technology-fullstack-net-developer-2/,"[' .NET', ' Fullstack Development', ' JavaScript']"
 SOFTWARE ENGINEER ,12 окт., Пловдив ,DraftKings,https://dev.bg/company/jobads/draftkings-software-engineer-2/,"[' .NET', ' Fullstack Development', ' JavaScript', ' React']"
 Web Developer ,12 окт., София ,RaceFacer,https://dev.bg/company/jobads/racefacer-web-developer/,"[' Fullstack Development', ' JavaScript', ' PHP']"
 Full-Stack Developer ,12 окт.,  Remote,Simvoly,https://dev.bg/company/jobads/simvoly-full-stack-developer-2/,"[' Angular', ' Fullstack Development', ' Java', ' JavaScript']"
 Full Stack Web Developer ( Vue.js/.Net) ,12 окт., София ,Coherent Solutions,https://dev.bg/company/jobads/coherent-solutions-full-stack-web-developer-vue-js-net/,"[' .NET', ' Fullstack Development', ' JavaScript', ' Vue.js']"
" FULL STACK DEVELOPER (Java, JavaScript) ",12 окт., София ,ITEAM,https://dev.bg/company/jobads/iteam-full-stack-developer-java-javascript/,"[' Fullstack Development', ' Java', ' JavaScript']"
 Junior Full Stack Developer ,12 окт., София ,Abilitics,https://dev.bg/company/jobads/abilitics-junior-full-stack-developer-2/,"[' .NET', ' Fullstack Development', ' JavaScript', ' Junior / Intern']"
 Junior Full Stack Developer ,12 окт.,  Remote,Abilitics,https://dev.bg/company/jobads/abilitics-junior-full-stack-developer/,"[' .NET', ' Fullstack Development', ' JavaScript', ' Junior / Intern']"
 SOFTWARE DEVELOPMENT ENGINEER (FULL STACK) ,12 окт.,  Remote,Native Spaces,https://dev.bg/company/jobads/native-spaces-software-development-engineer-full-stack/,"[' Fullstack Development', ' JavaScript', ' PHP']"
 C#/.Net Full Stack Developer ,12 окт., София ,PROFI CREDIT,https://dev.bg/company/jobads/profi-credit-c-net-full-stack-developer/,"[' .NET', ' Angular', ' Fullstack Development', ' JavaScript']"
 Web Developer ,12 окт., София ,Nemetschek Bulgaria,https://dev.bg/company/jobads/nemetschek-bulgaria-web-developer-3/,"[' Fullstack Development', ' JavaScript', ' Junior / Intern']"
 Fullstack Developer ,12 окт., София ,BICA Services,https://dev.bg/company/jobads/bica-services-fullstack-developer-2/,"[' Angular', ' Fullstack Development', ' JavaScript']"
 WordPress Developer ,12 окт.,  Remote,GoWP,https://dev.bg/company/jobads/gowp-wordpress-developer-2/,"[' Fullstack Development', ' JavaScript', ' PHP']"
 Software Engineer Intern ,12 окт., София ,Experian,https://dev.bg/company/jobads/experian-software-engineer-intern/,"[' Fullstack Development', ' Java', ' JavaScript', ' Junior / Intern']"
 WORDPRESS DEVELOPER ,11 окт., София ,Alpha Best,https://dev.bg/company/jobads/alpha-best-wordpress-developer/,"[' Fullstack Development', ' JavaScript', ' PHP']"
 Senior Full-Stack Java Develope ,11 окт.,  Remote,Bulwork,https://dev.bg/company/jobads/bulwork-senior-full-stack-java-develope/,"[' Fullstack Development', ' Java']"
 Full Stack Developer ,11 окт., София ,Matrix Global Services– Eastern Europe,https://dev.bg/company/jobads/matrix-global-services-eastern-europe-full-stack-developer-3-1-1/,"[' .NET', ' Fullstack Development', ' JavaScript']"
 LEAD ENGINEER COLLABORATION ,11 окт., София ,Intracol Technologies,https://dev.bg/company/jobads/intracol-lead-engineer-collaboration/,[' Fullstack Development']
 Full Stack Blockchain Developer Internship ,11 окт., София ,hack,https://dev.bg/company/jobads/hack-full-stack-blockchain-developer-internship/,"[' Fullstack Development', ' JavaScript', ' Junior / Intern', ' Node.js']"
 Java / JavaScript Developer (IBM BPM / BAW) (Individual and Special Loans) ,11 окт., София ,Commerzbank Digital Technology Center,https://dev.bg/company/jobads/commerzbank-digital-technology-center-java-javascript-developer-ibm-bpm-baw-individual-and-special-loans/,"[' Fullstack Development', ' Java', ' JavaScript']"
 Full-Stack Developer ,11 окт.,  Remote,C4 Nexus,https://dev.bg/company/jobads/c4-nexus-full-stack-developer-6/,"[' Fullstack Development', ' JavaScript']"
 Software Engineer ,11 окт., София ,Grafixoft,https://dev.bg/company/jobads/grafixoft-software-engineer/,"[' Fullstack Development', ' JavaScript']"
 WEB Developer ,11 окт., София ,Nemetschek Bulgaria,https://dev.bg/company/jobads/nemetschek-bulgaria-web-developer-2/,"[' Fullstack Development', ' JavaScript', ' PHP', ' Vue.js']"
 Full-Stack Software Engineer – Node.js ,11 окт., София ,Resolute Software,https://dev.bg/company/jobads/resolute-software-full-stack-software-engineer-node-js/,"[' Fullstack Development', ' JavaScript', ' Node.js']"
 Fullstack Developer (Security) ,11 окт., София ,NATEK,https://dev.bg/company/jobads/natek-fullstack-developer-security/,"[' Fullstack Development', ' JavaScript', ' Python']"
 SENIOR FULL STACK DEVELOPER ,11 окт., София ,Novarto,https://dev.bg/company/jobads/novarto-senior-full-stack-developer-2/,"[' Fullstack Development', ' JavaScript', ' Node.js', ' React']"
 SENIOR FULL STACK SOFTWARE ENGINEER ,11 окт., София ,SoftServe,https://dev.bg/company/jobads/softserve-senior-full-stack-software-engineer/,"[' Fullstack Development', ' JavaScript', ' Node.js', ' React']"
 Javascript Fullstack Developer ,11 окт., Варна ,DXC Technology,https://dev.bg/company/jobads/dxc-technology-javascript-fullstack-developer/,"[' Fullstack Development', ' JavaScript', ' Node.js']"
 Software Architect ,11 окт., София ,Endava,https://dev.bg/company/jobads/endava-software-architect/,"[' Fullstack Development', ' Java', ' JavaScript']"
 SENIOR FULL STACK DEVELOPER ,11 окт., Пловдив ,Novarto,https://dev.bg/company/jobads/novarto-senior-full-stack-developer-2-2/,"[' Fullstack Development', ' JavaScript', ' Node.js', ' React']"
 Full-stack Developer ,11 окт., София ,Infoleven,https://dev.bg/company/jobads/infoleven-full-stack-developer-6/,"[' Fullstack Development', ' JavaScript']"
 (Senior) Full Stack Developer (Bank Account Products) ,11 окт., София ,Commerzbank Digital Technology Center,https://dev.bg/company/jobads/commerzbank-digital-technology-center-senior-full-stack-developer-bank-account-products/,"[' Fullstack Development', ' Java', ' JavaScript', ' React']"
 Junior Full-stack Java Developer ,11 окт.,  Remote,Sirma,https://dev.bg/company/jobads/sirma-junior-full-stack-java-developer/,"[' Fullstack Development', ' Java', ' JavaScript', ' Junior / Intern']"
 Full-Stack Developer ,11 окт., София ,COMMETRIC,https://dev.bg/company/jobads/commetric-full-stack-developer/,"[' .NET', ' Fullstack Development', ' JavaScript']"
 Senior Full-stack Java developer ,11 окт.,  Remote,PROGRAMISTA,https://dev.bg/company/jobads/programista-senior-full-stack-java-developer/,"[' Fullstack Development', ' Java']"
 Full Stack Developer (C#/ JS) – Fiddler ,11 окт., София ,Progress,https://dev.bg/company/jobads/progress-senior-full-stack-developer-c-js-fiddler/,"[' .NET', ' Fullstack Development', ' JavaScript']"
 Full-Stack Developer ,11 окт., София ,C4 Nexus,https://dev.bg/company/jobads/c4-nexus/,"[' Fullstack Development', ' JavaScript']"
 SENIOR FULL-STACK DEVELOPER ,11 окт., София ,ITIDO,https://dev.bg/company/jobads/itido-senior-full-stack-developer-2/,"[' Fullstack Development', ' JavaScript', ' Node.js', ' React']"
 Senior Full-stack C# Developer ,8 окт., София ,INENSIA,https://dev.bg/company/jobads/inensia-senior-full-stack-c-developer/,"[' .NET', ' Fullstack Development', ' JavaScript']"
 Mid Level Full-Stack .NET Developer ,8 окт., София ,AlphaTheta Music Bulgaria,https://dev.bg/company/jobads/alphatheta-music-bulgaria-mid-level-full-stack-net-developer/,"[' .NET', ' Fullstack Development', ' JavaScript']"
 Full Stack/Back-end Developer (Mid/Senior level) ,8 окт.,  Remote,weiChain,https://dev.bg/company/jobads/weichain-full-stack-back-end-developer-mid-senior-level/,"[' Backend Development', ' Fullstack Development', ' JavaScript']"
 Software Developer for Automotive ,8 окт., София ,BICA Services,https://dev.bg/company/jobads/bica-services-software-developer-for-automotive/,"[' Fullstack Development', ' JavaScript']"
 Full-Stack Developer (Java & JavaScript) ,8 окт.,  Remote,Strypes,https://dev.bg/company/jobads/strypes-full-stack-developer-java-javascript-1/,"[' Fullstack Development', ' Java', ' JavaScript']"
 Junior Full-Stack Developer (Java & JavaScript) ,8 окт.,  Remote,Strypes,https://dev.bg/company/jobads/strypes-junior-full-stack-developer-java-javascript-1-1-1/,"[' Fullstack Development', ' Java', ' JavaScript', ' Junior / Intern']"
 Mid-level PHP Full Stack Developer ,8 окт., София ,Bulcode,https://dev.bg/company/jobads/bulcode-mid-level-php-full-stack-developer/,"[' Fullstack Development', ' JavaScript', ' PHP']"
 Senior PHP Full Stack Developer ,8 окт., София ,Bulcode,https://dev.bg/company/jobads/bulcode-senior-php-full-stack-developer/,"[' Fullstack Development', ' JavaScript', ' PHP']"
 Senior Javascript Full Stack Developer ,8 окт., София ,Bulcode,https://dev.bg/company/jobads/bulcode-senior-javascript-full-stack-developer/,"[' Fullstack Development', ' JavaScript', ' Node.js']"
 Mid-level Javascript Full Stack Developer ,8 окт., София ,Bulcode,https://dev.bg/company/jobads/bulcode-mid-level-javascript-full-stack-developer/,"[' Fullstack Development', ' JavaScript', ' Node.js']"
 Junior PHP Full Stack Developer ,8 окт., София ,Bulcode,https://dev.bg/company/jobads/bulcode-junior-php-full-stack-developer/,"[' Fullstack Development', ' JavaScript', ' Junior / Intern', ' PHP']"
 Senior Software Engineer ,8 окт., София ,SAP,https://dev.bg/company/jobads/sap-senior-software-engineer/,"[' Fullstack Development', ' Java', ' JavaScript']"
 Full Stack Web Developer (Vue.js/.Net) ,8 окт.,  Remote,Coherent Solutions,https://dev.bg/company/jobads/coherent-solutions-full-stack-web-developer-vue-js-net-1/,"[' .NET', ' Fullstack Development', ' JavaScript', ' Vue.js']"
