 Android Software Engineer (Kotlin) ,3 ное., София ,Ocado Technology,https://dev.bg/company/jobads/ocado-technology-android-software-engineer-kotlin-in-store-fulfilment/,"[' Android Development', ' Mobile Development']"
 Senior Android Developer ,2 ное., София ,Proxiad Bulgaria,https://dev.bg/company/jobads/proxiad-senior-mobile-developer/,"[' Android Development', ' Mobile Development']"
 React Native Developer ,2 ное., София ,AMPECO,https://dev.bg/company/jobads/ampeco-hybrid-mobile-app-developer-with-react-native/,"[' Android Development', ' iOS Development', ' Mobile Development', ' React']"
 Senior Android Developer ,15 окт., София ,MentorMate,https://dev.bg/company/jobads/mentormate-senior-android-developer-4/,"[' Android Development', ' Mobile Development']"
 React Native Developer ,15 окт., София ,Melon,https://dev.bg/company/jobads/melon-react-native-developer/,"[' Android Development', ' iOS Development', ' Mobile Development']"
 MOBILE APPLICATION DEVELOPER ,5 ное., София ,Holland Hires,https://dev.bg/company/jobads/holland-hires-mobile-application-developer/,"[' iOS Development', ' Mobile Development']"
 Android Developer ,5 ное., София ,Bright Point,https://dev.bg/company/jobads/android-developer-10/,"[' Android Development', ' Mobile Development']"
 IOS Developer ,5 ное., София ,Bright Point,https://dev.bg/company/jobads/ios-developer/,"[' iOS Development', ' Mobile Development']"
 Android Developer ,5 ное., Пловдив ,MentorMate,https://dev.bg/company/jobads/mentormate-android-developer-2-4/,"[' Android Development', ' Mobile Development']"
 Android Developer ,5 ное., София ,ScaleFocus,https://dev.bg/company/jobads/scalefocus-android-developer-13/,"[' Android Development', ' Mobile Development']"
 Android Developer ,5 ное., Русе ,MentorMate,https://dev.bg/company/jobads/mentormate-android-developer-2-5/,"[' Android Development', ' Mobile Development']"
 Android Developer ,5 ное.,  Remote,MentorMate,https://dev.bg/company/jobads/mentormate-android-developer-2/,"[' Android Development', ' Mobile Development']"
 Intern/Junior Android Developer ,5 ное., София ,Appolica,https://dev.bg/company/jobads/appolica-intern-junior-android-developer/,"[' Android Development', ' Junior / Intern', ' Mobile Development']"
 Lead iOS Developer ,5 ное., София ,Acronis,https://dev.bg/company/jobads/acronis-lead-ios-developer/,"[' iOS Development', ' Mobile Development']"
" Android Developer, Online Retailer ",5 ное., София ,DataArt,https://dev.bg/company/jobads/dataart-android-developer-2/,"[' Android Development', ' Mobile Development']"
 Android Developer ,5 ное., София ,Top Skills Recruitment,https://dev.bg/company/jobads/android-developer/,"[' Android Development', ' Mobile Development']"
 Android Developer ,5 ное., София ,MentorMate,https://dev.bg/company/jobads/mentormate-android-developer-2-2/,"[' Android Development', ' Mobile Development']"
 React Native Developer ,5 ное., Пловдив ,WebX Software,https://dev.bg/company/jobads/webx-react-native-developer/,"[' Android Development', ' iOS Development', ' Mobile Development']"
 Intern/Junior iOS Developer ,5 ное., София ,Appolica,https://dev.bg/company/jobads/appolica-intern-junior-ios-developer/,"[' iOS Development', ' Junior / Intern', ' Mobile Development']"
 Junior Android Developer ,5 ное., София ,Printec Bulgaria,https://dev.bg/company/jobads/printec-bulgaria-junior-android-developer/,"[' Android Development', ' Junior / Intern', ' Mobile Development']"
 MOBILE ANDROID DEVELOPER ,5 ное., София ,Schwarz IT Bulgaria,https://dev.bg/company/jobads/schwarz-it-bulgaria-mobile-android-developer/,"[' Android Development', ' Mobile Development']"
 Android Developer ,5 ное., Варна ,MentorMate,https://dev.bg/company/jobads/mentormate-android-developer-2-3/,"[' Android Development', ' Mobile Development']"
 Junior Flutter Developer ,5 ное., София ,Appolica,https://dev.bg/company/jobads/appolica-junior-flutter-developer/,"[' Junior / Intern', ' Mobile Development']"
" Mobile Engineer (Android) – Merchant Bank, Payments ",5 ное., София ,SumUp,https://dev.bg/company/jobads/sumup-mobile-engineer-android-merchant-bank-payments/,"[' Android Development', ' Mobile Development']"
 Senior iOS Software Engineer ,4 ное., Бургас ,ScaleFocus,https://dev.bg/company/jobads/scalefocus-senior-ios-software-engineer-2/,"[' iOS Development', ' Mobile Development']"
